Country,Year,EduExp_GDP
Afghanistan,2014,4.80435
Afghanistan,2013,4.54436
Afghanistan,2012,3.12562
Afghanistan,2011,4.08791
Afghanistan,2010,4.51116
Afghanistan,1982,1.72998
Afghanistan,1981,1.90917
Afghanistan,1980,1.84093
Afghanistan,1979,1.73981
Afghanistan,1975,1.30332
Albania,2013,3.538
Albania,2007,3.26868
Albania,2006,3.15719
Albania,2005,3.23872
Albania,2004,3.17008
Albania,2003,3.06427
Albania,2002,3.05663
Albania,2001,3.3406
Albania,2000,3.28692
Albania,1999,3.37972
Albania,1998,3.32642
Albania,1997,3.47532
Albania,1996,3.27428
Albania,1995,3.76471
Albania,1994,3.26519
Algeria,2008,4.33702
Algeria,1980,6.59742
Algeria,1979,7.18201
Andorra,2014,3.06442
Andorra,2013,2.46258
Andorra,2011,3.15889
Andorra,2010,3.0658
Andorra,2009,3.16387
Andorra,2008,2.93457
Andorra,2007,2.07405
Andorra,2006,2.19399
Andorra,2005,1.60025
Andorra,2004,1.53254
Andorra,2002,1.69684
Andorra,1997,3.71328
Angola,2010,3.43897
Angola,2006,2.28146
Angola,2005,2.12011
Angola,2000,2.60753
Angola,1998,2.59149
Angola,1987,6.1175
Angola,1986,6.0545
Angola,1985,4.622
Anguilla,2008,2.84263
Antigua and Barbuda,2009,2.55447
Antigua and Barbuda,2002,3.44539
Antigua and Barbuda,1999,3.23707
Argentina,2013,5.3441
Argentina,2012,5.09904
Argentina,2011,4.98631
Argentina,2010,4.60637
Argentina,2009,4.88998
Argentina,2008,4.33781
Argentina,2007,3.89634
Argentina,2006,3.65499
Argentina,2005,3.47405
Argentina,2004,3.15654
Argentina,2003,3.53505
Argentina,2002,4.01734
Argentina,2001,4.83374
Argentina,2000,4.58031
Argentina,1999,4.52168
Argentina,1998,4.03987
Argentina,1996,3.73198
Argentina,1990,1.06738
Argentina,1989,1.04612
Argentina,1987,1.2823
Argentina,1986,1.26155
Argentina,1985,1.36186
Argentina,1984,2.56972
Argentina,1983,1.6175
Argentina,1982,1.59787
Argentina,1980,2.60715
Argentina,1979,2.40028
Argentina,1978,1.93555
Argentina,1977,1.71984
Argentina,1976,1.16564
Argentina,1975,1.8436
Armenia,2014,2.2405
Armenia,2013,2.65018
Armenia,2012,3.07124
Armenia,2011,3.14384
Armenia,2010,3.249
Armenia,2009,3.84079
Armenia,2008,3.17273
Armenia,2007,3.01894
Armenia,2006,2.71577
Armenia,2005,2.71203
Armenia,2004,2.48673
Armenia,2003,2.14505
Armenia,2002,2.13504
Armenia,2001,2.46944
Armenia,2000,2.77272
Armenia,1999,2.23518
Armenia,1996,1.84843
Aruba,2011,6.03687
Aruba,2010,6.71249
Aruba,2009,5.92467
Aruba,2008,4.91559
Aruba,2007,4.79918
Aruba,2005,4.68076
Aruba,2004,4.4089
Aruba,2002,4.92427
Aruba,2001,4.73949
Aruba,2000,4.71468
Aruba,1999,4.39554
Aruba,1998,4.76316
Australia,2013,5.27066
Australia,2012,4.89646
Australia,2011,5.09907
Australia,2010,5.56894
Australia,2009,5.09263
Australia,2008,4.63529
Australia,2007,4.66116
Australia,2006,4.74494
Australia,2005,4.91266
Australia,2000,4.89466
Australia,1996,5.22949
Australia,1995,5.11983
Australia,1994,5.24659
Australia,1993,5.50915
Australia,1992,4.68764
Australia,1991,4.7922
Australia,1990,4.67311
Australia,1989,4.74656
Australia,1988,4.91693
Australia,1987,5.07005
Australia,1986,5.28119
Australia,1985,5.40571
Australia,1983,5.3744
Australia,1982,5.48238
Australia,1980,5.65847
Australia,1979,5.90194
Australia,1978,6.0136
Austria,2013,5.56484
Austria,2012,5.45335
Austria,2011,5.61943
Austria,2010,5.72502
Austria,2009,5.76741
Austria,2008,5.29699
Austria,2007,5.17663
Austria,2006,5.25293
Austria,2005,5.27149
Austria,2004,5.32094
Austria,2003,5.38187
Austria,2002,5.53268
Austria,2001,5.58635
Austria,2000,5.59957
Austria,1999,6.12534
Austria,1998,6.1199
Austria,1996,5.27168
Austria,1995,5.44146
Austria,1993,5.26468
Austria,1992,5.30977
Austria,1991,5.11554
Austria,1990,4.96923
Austria,1989,5.03029
Austria,1988,5.20327
Austria,1987,5.38909
Austria,1986,5.51324
Austria,1985,5.31
Austria,1984,5.30726
Austria,1983,5.31659
Austria,1982,5.37594
Austria,1981,5.38077
Austria,1980,5.02107
Austria,1979,5.05033
Austria,1978,5.17225
Austria,1977,4.96597
Austria,1976,5.25031
Austria,1975,5.14034
Azerbaijan,2013,2.46218
Azerbaijan,2012,2.0963
Azerbaijan,2011,2.43564
Azerbaijan,2010,2.78062
Azerbaijan,2009,3.22431
Azerbaijan,2008,2.44093
Azerbaijan,2007,2.54928
Azerbaijan,2006,2.55551
Azerbaijan,2005,2.97462
Azerbaijan,2004,3.44766
Azerbaijan,2003,3.28615
Azerbaijan,2002,3.15449
Azerbaijan,2001,3.50342
Azerbaijan,2000,3.85399
Azerbaijan,1999,4.21217
Azerbaijan,1998,3.38
Azerbaijan,1996,3.51252
Azerbaijan,1995,3.33737
Azerbaijan,1992,6.05797
Bahamas,2000,2.84999
Bahrain,2012,2.6447
Bahrain,2008,2.49678
Bahrain,2007,2.575
Bahrain,2006,2.87436
Bangladesh,2013,1.96617
Bangladesh,2012,2.0458
Bangladesh,2009,1.93942
Bangladesh,2008,2.05457
Bangladesh,2007,2.20222
Bangladesh,2006,2.13129
Bangladesh,2004,1.94014
Bangladesh,2003,2.0694
Bangladesh,2002,2.01715
Bangladesh,2001,2.17193
Bangladesh,2000,2.12507
Bangladesh,1999,2.13282
Bangladesh,1997,1.95247
Bangladesh,1993,1.69262
Bangladesh,1992,1.63177
Bangladesh,1991,1.42566
Bangladesh,1990,1.51912
Bangladesh,1987,1.51364
Bangladesh,1986,1.34349
Bangladesh,1985,1.27118
Bangladesh,1984,1.22303
Bangladesh,1983,1.03267
Bangladesh,1982,1.01164
Bangladesh,1981,1.0715
Bangladesh,1980,0.9376
Bangladesh,1979,1.13093
Barbados,2014,6.71179
Barbados,2013,5.50356
Barbados,2012,5.62441
Barbados,2010,5.87482
Barbados,2009,5.32773
Barbados,2008,5.06121
Barbados,2007,5.11607
Barbados,2005,5.55673
Barbados,2004,5.9038
Barbados,2003,6.12156
Barbados,2002,5.76363
Barbados,2001,5.93509
Barbados,2000,4.62167
Barbados,1999,4.25488
Barbados,1991,6.60199
Barbados,1977,6.51775
Barbados,1976,5.9451
Belarus,2014,4.98751
Belarus,2013,5.17594
Belarus,2012,5.12106
Belarus,2011,4.84382
Belarus,2010,5.41014
Belarus,2009,4.51673
Belarus,2007,5.1521
Belarus,2006,6.07696
Belarus,2005,5.87103
Belarus,2004,5.71226
Belarus,2000,6.19662
Belarus,1999,6.00001
Belgium,2011,6.37874
Belgium,2010,6.40799
Belgium,2009,6.41536
Belgium,2008,6.29139
Belgium,2007,5.84903
Belgium,2006,5.84036
Belgium,2005,5.769
Belgium,2004,5.80695
Belgium,2003,5.88478
Belgium,2002,5.94735
Belgium,2001,5.84329
Belgium,1996,3.03222
Belgium,1995,2.97732
Belgium,1994,5.39051
Belgium,1993,5.35193
Belgium,1988,4.2844
Belgium,1987,4.55976
Belgium,1986,4.83388
Belgium,1982,5.29655
Belgium,1981,5.41469
Belgium,1980,5.29049
Belgium,1979,5.35993
Belgium,1978,5.41571
Belgium,1977,5.9661
Belgium,1976,5.70928
Belgium,1975,5.74095
Belize,2013,6.21729
Belize,2010,6.621
Belize,2009,6.10014
Belize,2008,5.68789
Belize,2004,5.2994
Belize,2003,5.20682
Belize,2001,5.79693
Belize,2000,5.02843
Belize,1999,5.44344
Benin,2014,4.38073
Benin,2013,4.57055
Benin,2012,4.88943
Benin,2010,5.02932
Benin,2009,4.22204
Benin,2008,3.79566
Benin,2007,3.22981
Benin,2006,3.50328
Benin,2005,3.63079
Benin,2004,3.50804
Benin,2003,3.12027
Benin,2002,2.95134
Benin,2001,3.23235
Benin,2000,2.88869
Benin,1999,2.62665
Benin,1998,2.74788
Bermuda,2014,1.78285
Bermuda,2010,2.64421
Bermuda,2009,2.61519
Bermuda,2005,1.98877
Bermuda,2004,1.77588
Bermuda,2003,1.66627
Bermuda,1998,2.15227
Bermuda,1992,3.47605
Bermuda,1991,3.15065
Bermuda,1990,3.1362
Bermuda,1985,3.03449
Bermuda,1975,3.43442
Bhutan,2014,5.90335
Bhutan,2013,5.58966
Bhutan,2011,4.65258
Bhutan,2010,4.02447
Bhutan,2009,4.62672
Bhutan,2008,4.7975
Bhutan,2005,7.0781
Bhutan,2004,6.41799
Bhutan,2001,5.7178
Bhutan,2000,5.51379
Bolivia,2014,7.28914
Bolivia,2013,6.25794
Bolivia,2012,6.42517
Bolivia,2011,6.88845
Bolivia,2010,7.60009
Bolivia,2009,8.08118
Bolivia,2008,7.03971
Bolivia,2006,6.31361
Bolivia,2003,6.37904
Bolivia,2002,6.23031
Bolivia,2001,5.89946
Bolivia,2000,5.47342
Bolivia,1999,5.65932
Bolivia,1998,5.52301
Bolivia,1996,4.65741
Bolivia,1995,5.60817
Bolivia,1994,4.78421
Botswana,2009,9.63292
Botswana,2007,8.85149
Botswana,2005,10.67859
Botswana,1992,6.84061
Botswana,1990,5.73963
Botswana,1988,6.15111
Botswana,1987,6.11773
Botswana,1986,5.18593
Botswana,1985,5.65072
Botswana,1984,5.55166
Botswana,1983,5.55227
Botswana,1980,5.46932
Botswana,1979,6.14173
Botswana,1978,5.95214
Botswana,1977,5.40031
Botswana,1976,6.06396
Botswana,1975,5.64943
Brazil,2012,5.91431
Brazil,2011,5.73952
Brazil,2010,5.64736
Brazil,2009,5.47154
Brazil,2008,5.2727
Brazil,2007,4.97835
Brazil,2006,4.86989
Brazil,2005,4.4767
Brazil,2004,3.97254
Brazil,2002,3.74435
Brazil,2001,3.84303
Brazil,2000,3.93813
Brazil,1999,3.78472
Brazil,1998,4.73946
Brazil,1995,4.47317
British Virgin Islands,2010,4.35896
British Virgin Islands,2009,3.96987
British Virgin Islands,2007,3.59943
Brunei Darussalam,2014,3.76595
Brunei Darussalam,2012,3.20704
Brunei Darussalam,2011,3.68108
Brunei Darussalam,2010,2.04661
Brunei Darussalam,2000,3.70591
Brunei Darussalam,1999,4.93205
Brunei Darussalam,1998,5.25395
Brunei Darussalam,1993,4.29403
Brunei Darussalam,1992,3.74769
Brunei Darussalam,1991,3.66894
Brunei Darussalam,1990,3.95996
Brunei Darussalam,1989,4.69012
Brunei Darussalam,1988,5.40903
Brunei Darussalam,1987,4.73773
Brunei Darussalam,1982,1.69715
Brunei Darussalam,1981,1.61678
Brunei Darussalam,1980,1.19108
Brunei Darussalam,1979,1.54552
Brunei Darussalam,1978,2.11424
Brunei Darussalam,1976,1.97008
Brunei Darussalam,1975,1.96134
Bulgaria,2012,3.52336
Bulgaria,2011,3.59234
Bulgaria,2010,3.91536
Bulgaria,2009,4.29411
Bulgaria,2008,4.20479
Bulgaria,2007,3.65297
Bulgaria,2006,3.91204
Bulgaria,2005,4.11536
Bulgaria,2004,2.32557
Bulgaria,2003,4.01177
Bulgaria,2002,3.39488
Bulgaria,2001,3.39575
Bulgaria,1998,2.81427
Bulgaria,1996,2.71204
Bulgaria,1995,3.44701
Bulgaria,1994,4.17066
Bulgaria,1993,4.95049
Bulgaria,1992,5.26046
Bulgaria,1991,5.42962
Bulgaria,1990,4.45406
Bulgaria,1980,3.52948
Burkina Faso,2014,4.50015
Burkina Faso,2013,4.53052
Burkina Faso,2012,4.05352
Burkina Faso,2011,4.48327
Burkina Faso,2010,3.93896
Burkina Faso,2007,4.58857
Burkina Faso,2006,4.45703
Burkina Faso,2005,4.43259
Burkina Faso,1996,1.44026
Burkina Faso,1994,3.4511
Burkina Faso,1988,1.42608
Burkina Faso,1985,1.76396
Burkina Faso,1983,1.75448
Burkina Faso,1980,1.9618
Burkina Faso,1978,1.67983
Burundi,2013,5.41475
Burundi,2012,5.82091
Burundi,2011,5.99779
Burundi,2010,6.79287
Burundi,2009,6.3198
Burundi,2008,5.19355
Burundi,2005,3.63169
Burundi,2004,3.74495
Burundi,2002,3.00493
Burundi,2001,2.90391
Burundi,2000,2.64548
Burundi,1999,3.41745
Burundi,1996,4.08324
Burundi,1995,5.01511
Burundi,1994,4.56527
Burundi,1992,3.80585
Burundi,1991,3.49366
Burundi,1990,3.35933
Burundi,1981,3.34676
Burundi,1979,2.80336
Cambodia,2013,2.02112
Cambodia,2012,1.56269
Cambodia,2010,2.60388
Cambodia,2007,1.5993
Cambodia,2004,1.71982
Cambodia,2002,1.71121
Cambodia,2001,1.72403
Cambodia,2000,1.66681
Cambodia,1998,1.25907
Cameroon,2013,3.02834
Cameroon,2012,2.96539
Cameroon,2011,3.0529
Cameroon,2010,3.31318
Cameroon,2009,3.46007
Cameroon,2008,2.95687
Cameroon,2007,3.36625
Cameroon,2006,2.95568
Cameroon,2005,3.12323
Cameroon,2004,3.32991
Cameroon,2003,3.30182
Cameroon,2001,2.60995
Cameroon,2000,1.93258
Cameroon,1992,2.751
Cameroon,1991,3.22023
Cameroon,1990,3.2871
Cameroon,1989,2.64896
Cameroon,1988,2.71473
Cameroon,1987,2.93091
Cameroon,1986,2.84834
Cameroon,1984,3.24637
Cameroon,1983,3.49689
Cameroon,1982,2.98497
Canada,2011,5.27245
Canada,2010,5.37115
Canada,2009,4.87314
Canada,2008,4.66087
Canada,2007,4.79736
Canada,2005,4.80467
Canada,2002,5.03579
Canada,2001,4.98863
Canada,2000,5.45617
Canada,1999,5.55329
Canada,1998,5.5274
Canada,1995,6.34796
Canada,1994,6.70718
Canada,1993,7.7335
Canada,1992,6.79398
Canada,1991,6.90657
Canada,1990,6.00705
Canada,1989,6.11443
Canada,1988,6.2092
Canada,1987,6.35449
Canada,1986,6.0741
Canada,1985,6.23894
Canada,1984,6.6485
Canada,1983,6.88161
Canada,1982,6.52908
Canada,1981,6.44042
Canada,1980,6.49456
Canada,1979,6.72499
Canada,1978,7.10849
Canada,1977,6.7438
Canada,1976,6.73124
Canada,1975,6.45278
Cape Verde,2013,5.03693
Cape Verde,2011,5.04361
Cape Verde,2010,5.56727
Cape Verde,2009,5.30896
Cape Verde,2008,5.51802
Cape Verde,2007,5.40753
Cape Verde,2006,6.5296
Cape Verde,2004,7.47664
Cape Verde,2002,7.87682
Cape Verde,1999,6.80168
Cape Verde,1998,6.39177
Central African Republic,2011,1.22862
Central African Republic,2010,1.20455
Central African Republic,2009,1.30356
Central African Republic,2008,1.29002
Central African Republic,2007,1.31289
Central African Republic,2006,1.41506
Central African Republic,2005,1.63638
Central African Republic,2004,1.62453
Central African Republic,2003,1.53979
Central African Republic,2002,1.51957
Central African Republic,2000,1.61265
Central African Republic,1999,1.69002
Central African Republic,1991,2.27631
Central African Republic,1990,2.2442
Central African Republic,1987,2.54805
Central African Republic,1986,2.20775
Central African Republic,1978,3.17053
Chad,2013,2.85071
Chad,2011,2.2579
Chad,2010,1.98194
Chad,2009,2.31174
Chad,2005,1.69477
Chad,2004,1.59295
Chad,2001,2.42614
Chad,2000,2.64671
Chad,1999,3.22787
Chad,1998,1.64904
Chad,1997,2.27335
Chile,2013,4.55744
Chile,2012,4.57406
Chile,2011,4.0681
Chile,2010,4.1812
Chile,2009,4.24129
Chile,2008,3.79268
Chile,2007,3.22353
Chile,2006,3.02381
Chile,2005,3.22508
Chile,2004,3.48845
Chile,2003,3.8516
Chile,2002,4.00947
Chile,2000,3.70598
Chile,1999,3.84053
Chile,1998,3.43289
Chile,1997,3.09043
Chile,1996,2.88004
Chile,1995,2.64011
Chile,1994,2.59627
Chile,1993,2.46387
Chile,1990,2.36103
Chile,1987,3.00609
Chile,1981,5.19505
Chile,1980,4.44413
Chile,1979,3.66278
Chile,1978,3.18819
Chile,1975,3.79159
China,1999,1.89593
China,1998,1.85111
China,1996,1.85964
China,1995,1.84825
China,1994,1.993
China,1993,1.6648
China,1992,1.66228
China,1988,1.77345
China,1987,1.81504
China,1986,2.07502
China,1985,2.02126
China,1984,2.01306
China,1983,2.09268
China,1982,2.04988
China,1981,1.96382
China,1980,1.92701
China,1979,2.16535
China,1978,1.97414
China,1977,1.77582
China,1976,1.84428
China,1975,1.73256
Colombia,2014,4.6708
Colombia,2013,4.9049
Colombia,2012,4.38531
Colombia,2011,4.45981
Colombia,2010,4.82616
Colombia,2009,4.74743
Colombia,2008,3.9098
Colombia,2007,4.0587
Colombia,2006,3.89332
Colombia,2005,3.99501
Colombia,2004,4.07935
Colombia,2003,4.32514
Colombia,2002,4.26813
Colombia,2001,3.70868
Colombia,2000,3.51121
Colombia,1999,4.4408
Colombia,1998,3.92645
Colombia,1989,2.70525
Colombia,1985,2.71527
Colombia,1984,3.00429
Colombia,1981,2.59724
Colombia,1980,1.72912
Colombia,1979,1.75434
Comoros,2012,5.07112
Comoros,2011,5.10933
Comoros,2008,7.79417
Comoros,2002,3.88059
Comoros,1998,3.78254
Congo,2010,6.22079
Congo,2005,1.83577
Congo,2004,2.28813
Congo,2003,2.83616
Congo,2002,3.20832
Congo,1998,4.06827
Congo,1995,4.91034
Congo,1994,6.37312
Congo,1980,6.35924
Congo,1979,7.03814
Congo,1978,8.41331
Congo,1975,7.74302
Cook Islands,2014,3.93342
Cook Islands,2013,2.91163
Cook Islands,2012,2.82499
Cook Islands,2011,3.08804
Costa Rica,2014,7.01164
Costa Rica,2013,6.92005
Costa Rica,2012,6.86298
Costa Rica,2011,6.61588
Costa Rica,2010,6.81181
Costa Rica,2009,6.28912
Costa Rica,2008,5.04483
Costa Rica,2007,4.73357
Costa Rica,2006,4.65442
Costa Rica,2004,4.89459
Costa Rica,2003,5.06167
Costa Rica,2002,5.06925
Costa Rica,2001,4.70613
Costa Rica,2000,4.39395
Costa Rica,1999,4.86789
Costa Rica,1996,3.83658
Costa Rica,1995,3.3116
Costa Rica,1989,3.1185
Costa Rica,1988,3.05414
Costa Rica,1986,3.5658
Costa Rica,1983,3.92334
Costa Rica,1982,4.88507
Costa Rica,1980,7.34717
Côte d'Ivoire,2014,4.71947
Côte d'Ivoire,2008,4.44898
Côte d'Ivoire,2007,4.29742
Côte d'Ivoire,2006,4.11478
Côte d'Ivoire,2005,4.10575
Côte d'Ivoire,2004,4.12786
Côte d'Ivoire,2003,3.96799
Côte d'Ivoire,2002,4.09033
Côte d'Ivoire,2001,3.66868
Côte d'Ivoire,2000,3.70367
Côte d'Ivoire,1999,4.09433
Côte d'Ivoire,1998,3.78794
Côte d'Ivoire,1997,4.03089
Côte d'Ivoire,1996,4.05623
Côte d'Ivoire,1995,4.30145
Côte d'Ivoire,1994,4.78869
Côte d'Ivoire,1993,6.50305
Côte d'Ivoire,1992,6.78114
Côte d'Ivoire,1980,6.85976
Côte d'Ivoire,1979,8.23139
Côte d'Ivoire,1978,6.75367
Côte d'Ivoire,1976,6.46212
Côte d'Ivoire,1975,6.78574
Croatia,2011,4.15795
Croatia,2010,4.25217
Croatia,2009,4.38925
Croatia,2008,4.27013
Croatia,2007,3.97111
Croatia,2004,3.82087
Croatia,2003,3.86754
Croatia,2002,3.81086
Cuba,2010,12.83727
Cuba,2009,13.12516
Cuba,2008,14.05908
Cuba,2007,11.86829
Cuba,2006,9.05729
Cuba,2005,10.55769
Cuba,2004,10.26828
Cuba,2003,9.94078
Cuba,2002,9.5712
Cuba,2001,8.35785
Cuba,2000,7.70486
Cuba,1999,6.75508
Cuba,1998,6.20866
Cuba,1994,5.61948
Cuba,1993,7.07477
Cuba,1991,7.14497
Cuba,1980,8.36909
Cyprus,2011,6.64467
Cyprus,2010,6.66191
Cyprus,2009,7.30415
Cyprus,2008,6.80899
Cyprus,2007,6.34744
Cyprus,2006,6.39555
Cyprus,2005,6.34274
Cyprus,2004,6.17329
Cyprus,2003,6.71737
Cyprus,2002,5.6183
Cyprus,2001,5.14965
Cyprus,2000,5.01779
Cyprus,1999,4.79691
Cyprus,1995,3.74813
Cyprus,1994,4.15997
Cyprus,1993,4.09555
Cyprus,1992,3.7803
Cyprus,1991,3.57539
Cyprus,1990,3.33924
Cyprus,1989,3.37627
Cyprus,1988,3.37547
Cyprus,1987,3.44871
Cyprus,1986,3.48897
Cyprus,1985,3.58696
Cyprus,1984,3.60191
Cyprus,1982,3.73178
Cyprus,1981,3.79132
Cyprus,1980,3.42601
Cyprus,1979,3.35313
Cyprus,1978,3.31234
Cyprus,1977,3.38549
Cyprus,1976,3.8197
Cyprus,1975,4.33502
Czech Republic,2012,4.27011
Czech Republic,2011,4.28408
Czech Republic,2010,4.07352
Czech Republic,2009,4.18041
Czech Republic,2008,3.75273
Czech Republic,2007,3.875
Czech Republic,2006,4.22392
Czech Republic,2005,3.89869
Czech Republic,2004,4.02052
Czech Republic,2003,4.15005
Czech Republic,2002,3.98298
Czech Republic,2001,3.75679
Czech Republic,2000,3.6613
Czech Republic,1999,3.69324
Czech Republic,1998,3.60357
Czech Republic,1996,4.28387
Czech Republic,1995,4.56385
Czech Republic,1994,4.6976
Czech Republic,1993,4.20129
Czech Republic,1992,3.79021
Democratic Republic of the Congo,2013,2.24475
Democratic Republic of the Congo,2010,1.60244
Democratic Republic of the Congo,1988,0.81484
Democratic Republic of the Congo,1987,0.8612
Democratic Republic of the Congo,1986,0.7225
Democratic Republic of the Congo,1985,0.8257
Democratic Republic of the Congo,1984,0.70414
Democratic Republic of the Congo,1983,1.29945
Democratic Republic of the Congo,1982,2.79982
Democratic Republic of the Congo,1981,2.53505
Democratic Republic of the Congo,1980,2.26731
Denmark,2011,8.54712
Denmark,2010,8.61797
Denmark,2009,8.48798
Denmark,2008,7.49235
Denmark,2007,7.61379
Denmark,2006,7.72784
Denmark,2005,8.08274
Denmark,2004,8.21189
Denmark,2003,8.12194
Denmark,2002,8.21304
Denmark,2001,8.21542
Denmark,2000,8.08435
Denmark,1999,7.93117
Denmark,1998,8.10673
Denmark,1996,7.88494
Denmark,1995,7.47103
Denmark,1994,7.47189
Denmark,1993,7.78547
Denmark,1991,5.60722
Denmark,1989,5.8654
Denmark,1988,6.3596
Denmark,1987,6.0928
Denmark,1986,5.85677
Denmark,1980,5.93262
Denmark,1979,5.59097
Denmark,1978,5.76126
Denmark,1977,5.68559
Denmark,1975,6.75038
Djibouti,2010,4.49022
Djibouti,2007,8.40625
Djibouti,2006,8.27878
Djibouti,2005,8.36589
Djibouti,2004,9.26467
Djibouti,2003,8.88989
Djibouti,2002,8.44759
Djibouti,2001,7.8054
Djibouti,2000,9.66
Djibouti,1999,7.62948
Dominica,1999,4.99184
Dominica,1998,7.16059
Dominica,1989,5.17833
Dominican Republic,2007,2.05124
Dominican Republic,2003,1.87636
Dominican Republic,2002,1.97101
Dominican Republic,2001,2.0237
Dominican Republic,2000,1.91261
Dominican Republic,1996,1.23468
Dominican Republic,1995,1.04848
Dominican Republic,1994,0.90279
Dominican Republic,1993,0.78019
Dominican Republic,1985,1.21019
Dominican Republic,1984,1.49779
Dominican Republic,1983,1.56546
Dominican Republic,1982,1.59754
Ecuador,2012,4.1657
Ecuador,2011,4.31455
Ecuador,2010,4.07574
Ecuador,2000,1.15093
Ecuador,1999,1.54734
Ecuador,1998,2.19537
Ecuador,1995,1.99764
Ecuador,1986,6.87238
Ecuador,1985,5.23335
Ecuador,1984,4.20342
Ecuador,1977,2.41884
Egypt,2008,3.76083
Egypt,2007,3.68461
Egypt,2006,4.00178
Egypt,2005,4.79443
Egypt,2004,4.67072
Egypt,2003,4.94563
Egypt,1996,4.67157
Egypt,1995,4.604
Egypt,1994,4.58376
Egypt,1993,4.1977
Egypt,1992,4.09639
Egypt,1989,4.59159
Egypt,1988,4.51937
Egypt,1983,5.64235
Egypt,1982,5.30415
Egypt,1980,4.2498
Egypt,1978,4.86171
Egypt,1977,4.53443
Egypt,1976,5.02737
Egypt,1975,5.00846
El Salvador,2011,3.41749
El Salvador,2010,3.48668
El Salvador,2009,3.96954
El Salvador,2008,3.74166
El Salvador,2007,3.05447
El Salvador,2006,3.01268
El Salvador,2005,2.73246
El Salvador,2003,2.75909
El Salvador,2002,2.87054
El Salvador,2000,2.54708
El Salvador,1999,2.31992
El Salvador,1998,2.31992
El Salvador,1975,0.90451
Equatorial Guinea,1998,2.18797
Eritrea,2006,2.127
Eritrea,2004,3.14897
Eritrea,2002,3.5239
Eritrea,2001,4.04716
Eritrea,1999,5.26281
Eritrea,1998,4.62058
Eritrea,1996,1.63855
Estonia,2012,4.69431
Estonia,2011,5.01738
Estonia,2010,5.52627
Estonia,2009,5.95415
Estonia,2008,5.51751
Estonia,2007,4.66396
Estonia,2005,4.84485
Estonia,2004,4.91181
Estonia,2003,5.29462
Estonia,2002,5.46868
Estonia,2001,5.23648
Estonia,2000,5.34021
Estonia,1999,6.68736
Estonia,1998,6.2986
Estonia,1997,6.4572
Estonia,1996,6.11469
Estonia,1995,6.08896
Ethiopia,2013,4.49855
Ethiopia,2012,5.56677
Ethiopia,2011,5.48577
Ethiopia,2010,4.49659
Ethiopia,2009,4.42207
Ethiopia,2008,5.4082
Ethiopia,2007,5.45111
Ethiopia,2006,5.49094
Ethiopia,2002,3.63245
Ethiopia,2001,3.70029
Ethiopia,2000,3.98311
Ethiopia,1997,2.75794
Ethiopia,1996,2.77462
Ethiopia,1993,2.35421
Ethiopia,1986,2.13795
Ethiopia,1985,2.33757
Ethiopia,1984,2.11203
Ethiopia,1983,2.30206
Ethiopia,1982,2.11235
Fiji,2013,3.87738
Fiji,2011,4.17305
Fiji,2009,4.49848
Fiji,2008,4.25357
Fiji,2007,5.84843
Fiji,2006,5.60714
Fiji,2005,5.12197
Fiji,2004,6.16493
Fiji,2002,6.24382
Fiji,2001,5.61714
Fiji,2000,5.85725
Fiji,1999,5.15351
Fiji,1998,5.51262
Fiji,1989,4.8311
Fiji,1983,6.48669
Fiji,1981,5.82011
Fiji,1979,5.19761
Finland,2013,7.17948
Finland,2012,7.19254
Finland,2011,6.48201
Finland,2010,6.54071
Finland,2009,6.48518
Finland,2008,5.84677
Finland,2007,5.68609
Finland,2006,5.9381
Finland,2005,6.03606
Finland,2004,6.1685
Finland,2003,6.17477
Finland,2002,6.02478
Finland,2001,5.84797
Finland,2000,5.71688
Finland,1999,5.86961
Finland,1996,6.86053
Finland,1995,6.80942
Finland,1994,6.85563
Finland,1993,7.48367
Finland,1992,6.51512
Finland,1991,6.33289
Finland,1990,5.33591
Finland,1989,5.07036
Finland,1988,5.06491
Finland,1987,5.19813
Finland,1986,5.09658
Finland,1985,5.04196
Finland,1984,4.69558
Finland,1983,4.85175
Finland,1982,4.77616
Finland,1981,4.82994
Finland,1980,4.82217
Finland,1979,4.79336
Finland,1976,5.22444
Finland,1975,5.02949
France,2012,5.53343
France,2011,5.51586
France,2010,5.68342
France,2009,5.73848
France,2008,5.44403
France,2007,5.44519
France,2006,5.44211
France,2005,5.49981
France,2004,5.63702
France,2003,5.72294
France,2002,5.40916
France,2001,5.41703
France,2000,5.51674
France,1999,5.64528
France,1998,5.6591
France,1996,5.72616
France,1995,5.75908
France,1994,5.5957
France,1993,5.39988
France,1992,4.71099
France,1991,4.81744
France,1990,4.49228
France,1989,4.43515
France,1988,4.52404
France,1987,4.60277
France,1986,4.6892
France,1985,4.83358
France,1984,4.84958
France,1983,4.83522
France,1982,4.83583
France,1981,4.71512
France,1980,4.29399
France,1979,4.26809
France,1978,4.3325
France,1977,4.42244
France,1976,4.41178
France,1975,4.41425
Gabon,2000,3.82709
Gabon,1999,3.08123
Gabon,1998,3.41966
Gabon,1992,2.80552
Gambia,2013,2.76771
Gambia,2012,4.08975
Gambia,2011,3.89922
Gambia,2010,4.15338
Gambia,2009,3.07235
Gambia,2008,3.52742
Gambia,2007,1.30851
Gambia,2006,1.20949
Gambia,2005,1.13918
Gambia,2004,1.0345
Gambia,2003,1.36338
Gambia,2002,1.44292
Gambia,2001,1.1581
Gambia,2000,1.46587
Gambia,1999,1.56513
Gambia,1996,2.56628
Gambia,1995,2.55356
Gambia,1992,1.16984
Gambia,1991,3.78061
Gambia,1990,2.82584
Gambia,1989,2.97409
Gambia,1986,3.48473
Gambia,1985,4.29515
Georgia,2012,1.98331
Georgia,2011,2.69622
Georgia,2009,3.22238
Georgia,2008,2.91956
Georgia,2007,2.69687
Georgia,2006,3.00364
Georgia,2005,2.48431
Georgia,2004,2.9142
Georgia,2003,2.0656
Georgia,2002,2.23501
Georgia,2001,2.1375
Georgia,2000,2.18107
Georgia,1999,2.15513
Georgia,1998,2.10888
Georgia,1994,6.91566
Germany,2012,4.9394
Germany,2011,4.8078
Germany,2010,4.91368
Germany,2009,4.88048
Germany,2008,4.40954
Germany,2007,4.34303
Germany,2006,4.2793
Germany,1998,4.45345
Germany,1996,4.48694
Germany,1995,4.4227
Germany,1994,4.33488
Germany,1993,4.41382
Ghana,2013,6.03032
Ghana,2012,7.91914
Ghana,2011,8.14097
Ghana,2010,5.5406
Ghana,2009,5.31744
Ghana,2008,5.75796
Ghana,2007,5.51987
Ghana,2006,5.25994
Ghana,2005,7.42208
Ghana,2004,7.53558
Ghana,2001,5.35444
Ghana,1999,4.11037
Ghana,1988,3.18742
Ghana,1987,3.3067
Ghana,1986,3.35448
Ghana,1982,1.90454
Ghana,1981,1.80812
Ghana,1980,2.70777
Ghana,1979,2.31135
Ghana,1977,6.09528
Ghana,1976,5.82883
Ghana,1975,4.87654
Greece,2005,3.96396
Greece,2004,3.66719
Greece,2003,3.42934
Greece,2002,3.4243
Greece,2001,3.36458
Greece,2000,3.22126
Greece,1999,3.02773
Greece,1998,2.89255
Greece,1991,1.92723
Greece,1990,2.03857
Greece,1989,2.00806
Greece,1988,1.86208
Greece,1987,1.82747
Greece,1986,1.82663
Greece,1984,1.80338
Greece,1983,1.68248
Greece,1982,1.68064
Greece,1981,1.68658
Greece,1978,1.67952
Greece,1977,1.48823
Greece,1976,1.44292
Greece,1975,1.45548
Grenada,2003,3.92674
Guatemala,2013,2.84226
Guatemala,2012,2.95786
Guatemala,2011,2.92014
Guatemala,2010,2.80307
Guatemala,2008,3.18455
Guatemala,2007,3.03874
Guatemala,2006,2.98401
Guatemala,1996,1.5637
Guatemala,1995,1.6048
Guatemala,1994,1.43998
Guatemala,1993,1.66575
Guatemala,1976,1.62729
Guinea,2013,3.54088
Guinea,2012,2.47139
Guinea,2011,3.06284
Guinea,2010,3.69186
Guinea,2009,3.21609
Guinea,2008,2.43837
Guinea,2005,1.84905
Guinea,2004,2.20999
Guinea,2003,2.37102
Guinea,2002,2.59387
Guinea,2001,2.08191
Guinea,2000,2.5934
Guinea,1999,2.36142
Guinea,1993,2.08844
Guinea,1992,2.00632
Guinea,1991,2.01639
Guinea-Bissau,2013,2.35587
Guinea-Bissau,2012,2.06464
Guinea-Bissau,2011,1.84898
Guinea-Bissau,2010,1.86424
Guinea-Bissau,1999,5.24615
Guyana,2012,3.19404
Guyana,2011,3.59124
Guyana,2010,3.66099
Guyana,2009,3.36104
Guyana,2007,3.75228
Guyana,2006,5.08927
Guyana,2005,8.13973
Guyana,2004,5.52622
Guyana,2003,6.96654
Guyana,2002,8.40805
Guyana,2001,8.58889
Guyana,2000,8.48415
Guyana,1999,8.56106
Guyana,1995,3.60934
Guyana,1994,3.72445
Guyana,1984,7.22748
Guyana,1983,8.25347
Guyana,1979,9.37787
Guyana,1977,7.08873
Haiti,1991,1.07399
Holy See,2015,0.0
Holy See,2014,0.0
Holy See,2013,0.0
Holy See,2012,0.0
Holy See,2011,0.0
Holy See,2010,0.0
Holy See,2009,0.0
Holy See,2008,0.0
Holy See,2007,0.0
Holy See,2006,0.0
Holy See,2005,0.0
Holy See,2004,0.0
Holy See,2003,0.0
Holy See,2002,0.0
Holy See,2001,0.0
Holy See,2000,0.0
Holy See,1999,0.0
Holy See,1998,0.0
Holy See,1997,0.0
Holy See,1996,0.0
Holy See,1995,0.0
Holy See,1994,0.0
Holy See,1993,0.0
Holy See,1992,0.0
Holy See,1991,0.0
Holy See,1990,0.0
Holy See,1989,0.0
Holy See,1988,0.0
Holy See,1987,0.0
Holy See,1986,0.0
Holy See,1985,0.0
Holy See,1984,0.0
Holy See,1983,0.0
Holy See,1982,0.0
Holy See,1981,0.0
Holy See,1980,0.0
Holy See,1979,0.0
Holy See,1978,0.0
Holy See,1977,0.0
Holy See,1976,0.0
Holy See,1975,0.0
Honduras,2013,5.87494
Honduras,1995,3.57875
Honduras,1994,3.39836
Honduras,1980,2.99447
Honduras,1979,3.16882
Honduras,1978,3.241
Hong Kong Special Administrative Region of China,2014,3.57196
Hong Kong Special Administrative Region of China,2013,3.76032
Hong Kong Special Administrative Region of China,2012,3.50961
Hong Kong Special Administrative Region of China,2011,3.41823
Hong Kong Special Administrative Region of China,2010,3.51002
Hong Kong Special Administrative Region of China,2009,4.39212
Hong Kong Special Administrative Region of China,2008,3.26062
Hong Kong Special Administrative Region of China,2007,3.45455
Hong Kong Special Administrative Region of China,2006,3.84278
Hong Kong Special Administrative Region of China,2005,4.13463
Hong Kong Special Administrative Region of China,2004,4.55895
Hong Kong Special Administrative Region of China,2003,4.28531
Hong Kong Special Administrative Region of China,2002,4.01555
Hong Kong Special Administrative Region of China,2001,3.9037
Hong Kong Special Administrative Region of China,1996,2.72831
Hong Kong Special Administrative Region of China,1992,2.8282
Hong Kong Special Administrative Region of China,1990,2.46609
Hong Kong Special Administrative Region of China,1985,2.55897
Hong Kong Special Administrative Region of China,1984,2.58169
Hong Kong Special Administrative Region of China,1983,2.5786
Hong Kong Special Administrative Region of China,1982,1.66983
Hong Kong Special Administrative Region of China,1981,2.27173
Hong Kong Special Administrative Region of China,1980,2.19214
Hong Kong Special Administrative Region of China,1978,2.32255
Hong Kong Special Administrative Region of China,1977,2.21924
Hong Kong Special Administrative Region of China,1976,2.43336
Hong Kong Special Administrative Region of China,1975,2.4492
Hungary,2011,4.62878
Hungary,2010,4.79943
Hungary,2009,4.99572
Hungary,2008,5.00656
Hungary,2007,5.17582
Hungary,2006,5.33502
Hungary,2005,5.35224
Hungary,2004,5.35228
Hungary,2003,5.81183
Hungary,2002,5.18632
Hungary,2001,4.93961
Hungary,2000,4.87339
Hungary,1999,4.5708
Hungary,1998,4.41694
Hungary,1996,4.35434
Hungary,1995,4.87473
Hungary,1994,5.86767
Hungary,1993,5.95285
Hungary,1992,6.11373
Hungary,1991,5.91243
Iceland,2011,7.04752
Iceland,2010,7.21403
Iceland,2009,7.35713
Iceland,2008,7.25437
Iceland,2007,7.06128
Iceland,2006,7.37424
Iceland,2005,7.38386
Iceland,2004,7.22434
Iceland,2003,7.32994
Iceland,2002,7.42368
Iceland,2001,6.79561
Iceland,2000,6.50417
Iceland,1999,6.47283
Iceland,1998,6.81219
Iceland,1996,5.14888
Iceland,1995,4.72658
Iceland,1994,4.70183
Iceland,1993,5.08347
Iceland,1990,4.2105
India,2012,3.8256
India,2011,3.72321
India,2010,3.31959
India,2009,3.21076
India,2006,3.09073
India,2005,3.1338
India,2004,3.29476
India,2003,3.55113
India,2000,4.25026
India,1999,4.33929
India,1998,3.51099
India,1997,2.82791
Indonesia,2014,3.29643
Indonesia,2013,3.36658
Indonesia,2012,3.40748
Indonesia,2011,3.18944
Indonesia,2010,2.81228
Indonesia,2009,3.52513
Indonesia,2008,2.9019
Indonesia,2007,3.04426
Indonesia,2005,2.87282
Indonesia,2004,2.74846
Indonesia,2003,3.218
Indonesia,2002,2.64569
Indonesia,2001,2.46003
Indonesia,1997,1.07208
Indonesia,1996,1.07855
Indonesia,1995,1.00435
Indonesia,1994,0.99855
Indonesia,1989,0.82737
"Iran, Islamic Republic of",2014,2.95487
"Iran, Islamic Republic of",2013,3.15049
"Iran, Islamic Republic of",2012,3.22459
"Iran, Islamic Republic of",2011,3.65862
"Iran, Islamic Republic of",2010,3.87112
"Iran, Islamic Republic of",2009,3.98898
"Iran, Islamic Republic of",2008,4.05765
"Iran, Islamic Republic of",2007,4.73282
"Iran, Islamic Republic of",2006,4.4189
"Iran, Islamic Republic of",2005,4.19664
"Iran, Islamic Republic of",2004,4.29663
"Iran, Islamic Republic of",2003,4.36323
"Iran, Islamic Republic of",2002,4.48488
"Iran, Islamic Republic of",2001,4.07168
"Iran, Islamic Republic of",2000,4.03064
"Iran, Islamic Republic of",1999,4.22041
"Iran, Islamic Republic of",1996,3.75548
"Iran, Islamic Republic of",1995,4.3684
"Iran, Islamic Republic of",1993,4.66562
"Iran, Islamic Republic of",1992,3.93408
"Iran, Islamic Republic of",1991,4.02673
"Iran, Islamic Republic of",1990,3.98886
"Iran, Islamic Republic of",1989,4.22927
"Iran, Islamic Republic of",1988,3.85861
"Iran, Islamic Republic of",1987,4.35589
"Iran, Islamic Republic of",1986,3.76884
"Iran, Islamic Republic of",1985,3.66837
"Iran, Islamic Republic of",1984,4.03769
"Iran, Islamic Republic of",1983,4.33265
"Iran, Islamic Republic of",1982,6.00605
"Iran, Islamic Republic of",1981,7.47363
"Iran, Islamic Republic of",1977,5.79323
"Iran, Islamic Republic of",1975,3.0912
Iraq,1989,3.5515
Iraq,1980,2.42379
Iraq,1977,3.85705
Ireland,2012,5.77466
Ireland,2011,5.75342
Ireland,2010,6.09528
Ireland,2009,6.15929
Ireland,2008,5.4506
Ireland,2007,4.71578
Ireland,2006,4.54725
Ireland,2005,4.52772
Ireland,2004,4.48537
Ireland,2003,4.19908
Ireland,2002,4.10645
Ireland,2001,4.09407
Ireland,2000,4.13742
Ireland,1999,4.14098
Ireland,1998,4.29347
Ireland,1996,4.75987
Ireland,1995,4.87649
Ireland,1994,5.1939
Ireland,1993,5.12067
Ireland,1992,5.01064
Ireland,1991,4.78745
Ireland,1990,4.60517
Ireland,1989,4.71773
Ireland,1988,5.02116
Ireland,1987,5.53433
Ireland,1986,5.30651
Ireland,1985,5.25361
Ireland,1984,5.28698
Ireland,1983,5.45199
Ireland,1982,5.39493
Ireland,1981,5.73776
Ireland,1980,5.32753
Ireland,1979,5.2934
Ireland,1978,5.07268
Ireland,1977,5.0904
Ireland,1976,4.30076
Israel,2013,5.85994
Israel,2011,5.56064
Israel,2010,5.52761
Israel,2009,5.47869
Israel,2008,5.51871
Israel,2007,5.48363
Israel,2006,5.74272
Israel,2005,5.74732
Israel,2004,5.94699
Israel,2003,6.36037
Israel,2002,6.46804
Israel,2001,6.37714
Israel,2000,6.11555
Israel,1999,6.41786
Israel,1998,6.66044
Israel,1994,7.44447
Israel,1993,6.86423
Israel,1992,6.41408
Israel,1991,6.20592
Israel,1990,6.09651
Israel,1989,6.38579
Israel,1988,5.14669
Israel,1987,6.34066
Israel,1986,6.98738
Israel,1985,8.97797
Israel,1984,7.93089
Israel,1983,7.95397
Israel,1982,7.32836
Israel,1981,7.8307
Israel,1980,8.64014
Israel,1979,8.0817
Israel,1978,7.99027
Israel,1977,7.17139
Israel,1976,7.00533
Israel,1975,7.05157
Italy,2011,4.14053
Italy,2010,4.3492
Italy,2009,4.53406
Italy,2008,4.40077
Italy,2007,4.11661
Italy,2006,4.53567
Italy,2005,4.24747
Italy,2004,4.39518
Italy,2003,4.55284
Italy,2002,4.44524
Italy,2001,4.66701
Italy,2000,4.29715
Italy,1999,4.52155
Italy,1998,4.46178
Italy,1996,4.4579
Italy,1995,4.33136
Italy,1994,4.44636
Italy,1993,4.74783
Italy,1988,4.60629
Italy,1986,4.6686
Italy,1985,4.70361
Italy,1984,4.78863
Italy,1983,4.50128
Italy,1979,4.17599
Italy,1978,3.79149
Italy,1976,3.93106
Italy,1975,3.72254
Jamaica,2014,6.02606
Jamaica,2013,6.25988
Jamaica,2012,6.11947
Jamaica,2011,6.26768
Jamaica,2010,6.3713
Jamaica,2009,6.19851
Jamaica,2008,6.19132
Jamaica,2007,5.49022
Jamaica,2005,4.61642
Jamaica,2004,3.91255
Jamaica,2003,4.25685
Jamaica,2002,5.42852
Jamaica,2001,5.41476
Jamaica,2000,5.0151
Jamaica,1997,4.96098
Jamaica,1996,4.16108
Jamaica,1995,3.74213
Jamaica,1994,4.52025
Jamaica,1993,3.21403
Jamaica,1992,3.33666
Jamaica,1991,4.38307
Jamaica,1990,4.77916
Jamaica,1989,5.18398
Jamaica,1988,3.94086
Jamaica,1986,4.60398
Jamaica,1985,5.3919
Jamaica,1977,6.02652
Jamaica,1976,5.85833
Jamaica,1975,5.22879
Japan,2014,3.76295
Japan,2013,3.8185
Japan,2012,3.8497
Japan,2011,3.77827
Japan,2010,3.78135
Japan,2008,3.44024
Japan,2007,3.46368
Japan,2006,3.46274
Japan,2005,3.48391
Japan,2004,3.59859
Japan,2003,3.64257
Japan,2002,3.58506
Japan,2001,3.57129
Japan,2000,3.61888
Japan,1999,3.53673
Japan,1998,3.42623
Japan,1995,3.50624
Japan,1994,3.66794
Japan,1993,3.47889
Japan,1989,5.46734
Japan,1988,5.6624
Japan,1987,5.67262
Japan,1983,4.90063
Japan,1982,5.11966
Japan,1981,5.15012
Japan,1980,5.15451
Japan,1979,5.14305
Japan,1978,4.97725
Japan,1977,4.92219
Japan,1976,4.93292
Japan,1975,4.74802
Jordan,1999,4.94514
Jordan,1997,6.36608
Jordan,1996,7.47599
Jordan,1989,5.64387
Jordan,1988,4.04757
Jordan,1987,3.29657
Jordan,1986,3.28438
Jordan,1984,5.93695
Jordan,1983,4.92796
Jordan,1982,5.08916
Jordan,1981,5.16732
Jordan,1979,5.08173
Jordan,1978,3.68117
Jordan,1977,3.6799
Jordan,1976,3.53393
Jordan,1975,3.76348
Kazakhstan,2009,3.06073
Kazakhstan,2008,2.58947
Kazakhstan,2007,2.83139
Kazakhstan,2006,2.62679
Kazakhstan,2005,2.26353
Kazakhstan,2004,2.25591
Kazakhstan,2002,3.0297
Kazakhstan,2000,3.25663
Kazakhstan,1999,3.89256
Kazakhstan,1997,4.37343
Kazakhstan,1996,3.92371
Kazakhstan,1995,4.03445
Kenya,2010,5.50822
Kenya,2006,7.04982
Kenya,2005,7.33565
Kenya,2004,6.79694
Kenya,2003,6.49429
Kenya,2002,6.172
Kenya,2001,5.20621
Kenya,2000,5.18673
Kenya,1999,5.32325
Kenya,1994,5.92402
Kenya,1993,6.02915
Kenya,1992,6.0759
Kenya,1991,6.57067
Kenya,1989,6.03572
Kenya,1988,6.60055
Kenya,1986,6.01379
Kenya,1985,5.19977
Kenya,1984,4.58096
Kenya,1983,5.4383
Kenya,1982,5.67812
Kenya,1981,5.92373
Kenya,1980,5.38788
Kenya,1977,5.13632
Kenya,1976,5.7441
Kenya,1975,5.60612
Kiribati,2001,11.98812
Kiribati,2000,11.14303
Kiribati,1999,10.6302
Kuwait,2006,3.76001
Kuwait,2005,4.73825
Kuwait,2004,5.53515
Kuwait,2002,6.5505
Kuwait,2001,6.586
Kuwait,1997,5.58251
Kuwait,1996,5.85954
Kuwait,1992,14.19883
Kuwait,1986,5.40084
Kuwait,1985,5.00762
Kuwait,1984,5.14888
Kuwait,1983,5.09027
Kuwait,1982,3.03351
Kuwait,1981,2.71914
Kuwait,1980,2.79102
Kuwait,1979,3.42856
Kuwait,1978,4.08185
Kuwait,1977,3.36867
Kuwait,1976,3.11508
Kuwait,1975,2.13554
Kyrgyzstan,2013,6.7802
Kyrgyzstan,2012,7.38423
Kyrgyzstan,2011,6.79062
Kyrgyzstan,2010,5.81884
Kyrgyzstan,2009,6.23268
Kyrgyzstan,2008,5.91318
Kyrgyzstan,2007,6.46698
Kyrgyzstan,2006,5.54987
Kyrgyzstan,2005,4.87385
Kyrgyzstan,2004,4.62243
Kyrgyzstan,2003,4.47541
Kyrgyzstan,2002,4.44547
Kyrgyzstan,2001,3.85419
Kyrgyzstan,2000,3.50837
Kyrgyzstan,1999,4.08522
Kyrgyzstan,1998,4.91963
Kyrgyzstan,1996,4.90261
Kyrgyzstan,1995,6.15643
Kyrgyzstan,1994,5.58819
Lao People's Democratic Republic,2014,4.19044
Lao People's Democratic Republic,2010,2.77387
Lao People's Democratic Republic,2008,2.27855
Lao People's Democratic Republic,2007,3.07842
Lao People's Democratic Republic,2006,2.95879
Lao People's Democratic Republic,2005,2.41409
Lao People's Democratic Republic,2004,2.413
Lao People's Democratic Republic,2002,2.82522
Lao People's Democratic Republic,2001,1.99028
Lao People's Democratic Republic,2000,1.50369
Lao People's Democratic Republic,1997,2.1302
Lao People's Democratic Republic,1996,2.42975
Lao People's Democratic Republic,1992,2.33457
Latvia,2013,4.9145
Latvia,2012,4.64375
Latvia,2011,4.95124
Latvia,2010,5.08564
Latvia,2009,5.57891
Latvia,2008,5.41359
Latvia,2007,4.6644
Latvia,2006,4.71949
Latvia,2004,4.85972
Latvia,2003,5.07315
Latvia,2002,5.6138
Latvia,2001,5.45681
Latvia,2000,5.29028
Latvia,1999,5.54206
Latvia,1998,5.80282
Latvia,1997,5.51716
Latvia,1996,5.26512
Lebanon,2013,2.57268
Lebanon,2012,2.1894
Lebanon,2011,1.64626
Lebanon,2010,1.63173
Lebanon,2009,1.77877
Lebanon,2008,2.035
Lebanon,2007,2.60987
Lebanon,2006,2.80863
Lebanon,2005,2.67227
Lebanon,2004,2.66674
Lebanon,2002,2.55271
Lebanon,2001,2.84148
Lebanon,1996,2.08467
Lebanon,1995,2.22463
Lebanon,1994,1.93126
Lebanon,1993,1.75642
Lesotho,2008,12.98201
Lesotho,2006,13.85772
Lesotho,2005,14.79096
Lesotho,2004,13.27157
Lesotho,2003,15.61544
Lesotho,2002,11.80636
Lesotho,2001,10.77399
Lesotho,2000,11.492
Lesotho,1999,14.1626
Lesotho,1997,13.17703
Lesotho,1995,10.05103
Lesotho,1994,8.13516
Lesotho,1993,9.89221
Lesotho,1989,6.78905
Lesotho,1988,7.86968
Lesotho,1985,7.79441
Lesotho,1984,6.99369
Lesotho,1983,10.77014
Liberia,2012,2.75756
Liberia,2008,3.16142
Liberia,1980,6.25906
Liberia,1978,6.99484
Libyan Arab Jamahiriya,1999,2.26417
Liechtenstein,2011,2.55604
Liechtenstein,2008,2.04837
Liechtenstein,2007,1.92119
Liechtenstein,2006,2.05381
Liechtenstein,2004,2.43333
Liechtenstein,2003,2.46014
Lithuania,2012,4.76879
Lithuania,2011,5.12227
Lithuania,2010,5.29903
Lithuania,2009,5.57741
Lithuania,2008,4.83454
Lithuania,2007,4.59055
Lithuania,2006,4.82055
Lithuania,2005,4.87319
Lithuania,2004,5.16916
Lithuania,2003,5.10851
Lithuania,2002,5.79253
Lithuania,2001,5.84038
Lithuania,1998,6.11601
Lithuania,1997,5.44955
Lithuania,1996,4.84372
Lithuania,1995,4.76492
Luxembourg,2001,3.59302
Luxembourg,1996,3.35865
Luxembourg,1995,3.51149
Luxembourg,1989,3.71619
Luxembourg,1988,3.85239
Luxembourg,1987,3.91832
Luxembourg,1986,3.63696
Luxembourg,1983,3.18576
Luxembourg,1982,5.0628
Luxembourg,1981,4.49889
Luxembourg,1980,4.36838
Luxembourg,1979,4.22517
Luxembourg,1978,4.1643
Luxembourg,1977,3.54483
Luxembourg,1976,3.46881
Luxembourg,1975,3.28499
Macao Special Administrative Region of China,2013,2.05939
Macao Special Administrative Region of China,2012,3.34045
Macao Special Administrative Region of China,2011,2.69069
Macao Special Administrative Region of China,2010,2.6076
Macao Special Administrative Region of China,2009,2.56586
Macao Special Administrative Region of China,2008,2.22777
Macao Special Administrative Region of China,2007,2.08705
Macao Special Administrative Region of China,2006,2.23986
Macao Special Administrative Region of China,2005,2.34887
Macao Special Administrative Region of China,2004,2.3173
Macao Special Administrative Region of China,2003,2.89245
Macao Special Administrative Region of China,2002,2.99049
Macao Special Administrative Region of China,2001,2.85865
Macao Special Administrative Region of China,2000,3.67962
Macao Special Administrative Region of China,1999,3.69231
Macao Special Administrative Region of China,1998,3.68109
Madagascar,2013,2.08
Madagascar,2012,2.73217
Madagascar,2011,2.78112
Madagascar,2009,3.17751
Madagascar,2008,2.91041
Madagascar,2007,3.36988
Madagascar,2006,3.28252
Madagascar,2005,3.84818
Madagascar,2004,3.2643
Madagascar,2003,3.03949
Madagascar,2002,2.71621
Madagascar,2001,3.25033
Madagascar,2000,2.91135
Madagascar,1999,2.76755
Madagascar,1998,1.87065
Madagascar,1997,1.84964
Madagascar,1993,2.14018
Madagascar,1985,2.75618
Madagascar,1984,2.92933
Madagascar,1983,2.65448
Madagascar,1982,3.15062
Madagascar,1981,3.81278
Madagascar,1980,4.32025
Madagascar,1979,3.97033
Madagascar,1977,5.05395
Madagascar,1976,3.25501
Madagascar,1975,2.51668
Malawi,2014,6.87792
Malawi,2013,7.6999
Malawi,2011,5.35337
Malawi,2010,4.35638
Malawi,2003,4.21763
Malawi,2001,4.50898
Malawi,2000,5.24797
Malawi,1999,4.99491
Malawi,1996,5.38126
Malawi,1995,4.00885
Malawi,1990,3.27054
Malawi,1989,3.17635
Malawi,1988,3.17144
Malawi,1987,3.52508
Malawi,1986,3.19867
Malawi,1976,2.42231
Malawi,1975,2.70379
Malaysia,2013,6.09392
Malaysia,2011,5.76294
Malaysia,2010,4.96644
Malaysia,2009,5.97418
Malaysia,2008,3.95853
Malaysia,2007,4.37254
Malaysia,2006,4.48577
Malaysia,2004,5.92388
Malaysia,2003,7.50288
Malaysia,2002,7.65795
Malaysia,2001,7.48447
Malaysia,2000,5.97161
Malaysia,1999,5.68675
Malaysia,1997,4.62038
Malaysia,1996,4.91385
Malaysia,1995,4.34257
Malaysia,1994,4.70529
Malaysia,1993,4.65466
Malaysia,1992,5.11139
Malaysia,1987,6.326
Malaysia,1986,7.11294
Malaysia,1985,6.00107
Malaysia,1984,5.56428
Malaysia,1982,6.90835
Malaysia,1981,6.57639
Malaysia,1980,5.62308
Malaysia,1979,4.996
Maldives,2012,5.19785
Maldives,2011,5.99482
Maldives,2009,7.0041
Maldives,2008,4.79509
Maldives,2007,4.72755
Maldives,2006,4.96182
Maldives,2005,5.21198
Maldives,2004,4.75694
Maldives,2003,5.36855
Maldives,2002,5.7039
Mali,2014,4.34787
Mali,2013,3.97387
Mali,2012,4.18676
Mali,2011,4.57596
Mali,2010,3.85454
Mali,2009,4.39838
Mali,2008,3.81688
Mali,2005,4.00927
Mali,2004,4.21724
Mali,2003,4.24009
Mali,2002,3.5326
Mali,2001,3.05284
Mali,2000,3.30581
Mali,1999,2.61223
Mali,1998,2.64959
Mali,1986,2.68761
Mali,1982,3.29459
Mali,1981,3.55256
Mali,1980,3.41697
Mali,1978,3.55959
Malta,2012,6.75966
Malta,2011,7.96375
Malta,2010,6.91128
Malta,2009,5.44377
Malta,2008,5.8462
Malta,2007,6.31293
Malta,2004,4.79185
Malta,2002,4.31127
Malta,1998,4.40561
Malta,1992,4.3141
Malta,1991,3.9203
Malta,1990,3.83142
Malta,1989,3.58874
Malta,1988,3.33824
Malta,1987,3.16532
Malta,1986,3.10572
Malta,1985,3.24834
Malta,1984,3.07872
Malta,1983,3.31469
Malta,1982,2.85408
Malta,1981,2.86533
Malta,1979,3.15364
Malta,1978,3.34883
Malta,1977,3.89761
Malta,1976,3.83189
Malta,1975,4.42221
Marshall Islands,2003,12.24
Marshall Islands,2002,8.66987
Marshall Islands,1999,14.53904
Mauritania,2013,3.27545
Mauritania,2012,2.997
Mauritania,2011,3.07791
Mauritania,2010,3.60428
Mauritania,2008,3.55225
Mauritania,2006,2.52457
Mauritania,2004,2.51687
Mauritania,2003,3.10348
Mauritania,2002,3.05538
Mauritania,2001,2.83949
Mauritania,1999,2.43289
Mauritania,1997,2.34373
Mauritius,2014,4.98434
Mauritius,2013,3.67573
Mauritius,2012,3.4848
Mauritius,2011,3.41084
Mauritius,2010,3.65578
Mauritius,2009,3.15771
Mauritius,2008,3.20384
Mauritius,2007,3.32607
Mauritius,2006,3.81812
Mauritius,2005,4.20155
Mauritius,2004,4.47199
Mauritius,2003,4.48438
Mauritius,2002,3.11292
Mauritius,2001,3.16976
Mauritius,2000,3.81524
Mauritius,1999,3.93975
Mauritius,1991,3.50989
Mauritius,1990,3.15708
Mauritius,1989,3.50096
Mauritius,1988,3.11835
Mauritius,1987,3.04457
Mauritius,1986,3.469
Mauritius,1985,3.94651
Mauritius,1984,4.06972
Mauritius,1983,4.4351
Mauritius,1982,4.58452
Mauritius,1981,5.03284
Mauritius,1978,5.54268
Mauritius,1977,4.42232
Mexico,2011,5.15425
Mexico,2010,5.19791
Mexico,2009,5.22673
Mexico,2008,4.85819
Mexico,2007,4.73354
Mexico,2006,4.74913
Mexico,2005,4.90795
Mexico,2004,4.80018
Mexico,2003,5.18674
Mexico,2002,4.63847
Mexico,2001,4.42832
Mexico,2000,4.13411
Mexico,1999,3.6621
Mexico,1998,3.52947
Mexico,1995,3.86743
Mexico,1994,3.65051
Mexico,1992,3.00129
Mexico,1991,2.53738
Mexico,1990,2.31209
Mexico,1989,2.26588
"Micronesia, Federated States of",2000,6.70818
"Micronesia, Federated States of",1999,6.40977
Moldova,2014,7.48408
Moldova,2012,8.34896
Moldova,2011,8.5597
Moldova,2010,9.11211
Moldova,2009,9.50976
Moldova,2008,8.23733
Moldova,2007,8.29343
Moldova,2006,7.49893
Moldova,2005,7.16273
Moldova,2004,6.77109
Moldova,2003,5.4249
Moldova,2002,5.49791
Moldova,2001,4.84691
Moldova,2000,4.48642
Moldova,1999,4.66255
Moldova,1996,9.8966
Monaco,2014,1.02195
Monaco,2013,1.3344
Monaco,2012,1.78004
Monaco,2011,1.59142
Monaco,2010,1.32022
Monaco,2009,1.32877
Monaco,2004,1.24386
Monaco,2000,1.25536
Monaco,1999,1.19528
Monaco,1998,1.20883
Monaco,1997,1.21242
Monaco,1996,1.08224
Monaco,1995,1.06457
Monaco,1992,0.9136
Monaco,1989,0.95752
Monaco,1988,0.88103
Mongolia,2011,4.60902
Mongolia,2010,4.6451
Mongolia,2009,5.14484
Mongolia,2007,4.69013
Mongolia,2004,4.32573
Mongolia,2002,7.21078
Mongolia,2000,5.55038
Mongolia,1999,5.14567
Mongolia,1998,5.49302
Mongolia,1997,3.94897
Montserrat,2009,5.12753
Montserrat,2008,5.24605
Montserrat,2007,5.32808
Morocco,2009,5.26064
Morocco,2008,5.34215
Morocco,1999,5.38568
Morocco,1998,5.34362
Morocco,1995,4.96991
Morocco,1993,5.06807
Morocco,1991,4.47952
Morocco,1990,4.72016
Morocco,1989,4.95362
Morocco,1988,4.7769
Morocco,1987,5.43909
Morocco,1986,5.467
Morocco,1985,5.35097
Morocco,1984,5.42954
Morocco,1983,6.41484
Morocco,1982,6.33786
Morocco,1981,5.9153
Morocco,1980,5.26213
Morocco,1979,6.31548
Morocco,1978,6.20183
Morocco,1977,6.08425
Morocco,1976,6.02712
Morocco,1975,5.21271
Mozambique,2013,6.48009
Mozambique,2012,6.07552
Mozambique,2006,4.27428
Mozambique,2005,4.43012
Mozambique,2004,3.71592
Mozambique,1999,3.13107
Mozambique,1998,2.05194
Myanmar,1995,1.20248
Myanmar,1978,1.64366
Myanmar,1977,1.63782
Myanmar,1976,1.72619
Myanmar,1975,1.98739
Namibia,2010,8.34961
Namibia,2008,6.48398
Namibia,2006,6.03782
Namibia,2003,6.11511
Namibia,2002,6.76239
Namibia,2001,6.91282
Namibia,2000,6.99139
Namibia,1999,7.21755
Nepal,2014,4.71537
Nepal,2013,4.08748
Nepal,2010,4.71699
Nepal,2009,4.66376
Nepal,2008,3.80517
Nepal,2007,3.51721
Nepal,2006,3.60536
Nepal,2005,3.36464
Nepal,2004,3.17194
Nepal,2003,3.11435
Nepal,2002,3.15283
Nepal,2001,3.70838
Nepal,2000,2.97515
Nepal,1999,2.89331
Nepal,1998,2.89288
Netherlands,2013,5.60813
Netherlands,2012,5.47565
Netherlands,2011,5.52617
Netherlands,2010,5.5558
Netherlands,2009,5.49579
Netherlands,2008,5.09227
Netherlands,2007,4.93376
Netherlands,2006,5.09047
Netherlands,2005,5.15879
Netherlands,2004,5.11464
Netherlands,2003,5.10149
Netherlands,2002,4.87039
Netherlands,2001,4.75077
Netherlands,2000,4.6255
Netherlands,1999,4.55721
Netherlands,1998,4.59865
Netherlands,1996,4.57432
Netherlands,1995,4.65629
Netherlands,1994,4.74209
Netherlands,1993,4.83703
Netherlands,1991,5.24892
Netherlands,1990,5.31719
Netherlands,1988,5.56396
Netherlands,1987,5.99764
Netherlands,1986,5.65557
Netherlands,1985,5.56541
Netherlands,1984,5.17616
Netherlands,1983,5.59379
Netherlands,1982,5.79129
Netherlands,1981,5.84657
Netherlands,1980,5.99243
Netherlands,1979,6.1933
Netherlands,1978,6.28898
Netherlands,1977,6.28704
Netherlands,1976,6.41901
Netherlands,1975,6.47939
New Zealand,2014,6.44265
New Zealand,2012,7.25271
New Zealand,2011,6.99861
New Zealand,2010,7.0531
New Zealand,2009,6.34519
New Zealand,2008,5.5281
New Zealand,2007,5.92503
New Zealand,2006,5.93509
New Zealand,2005,6.26886
New Zealand,2004,6.50393
New Zealand,2003,6.42944
New Zealand,2002,6.40699
New Zealand,2001,6.56049
New Zealand,1999,6.63621
New Zealand,1997,6.15723
New Zealand,1996,6.38369
New Zealand,1995,5.74216
New Zealand,1994,5.92607
New Zealand,1989,4.81824
New Zealand,1988,4.42588
New Zealand,1987,3.91739
New Zealand,1986,3.4303
New Zealand,1985,3.54628
New Zealand,1984,4.04571
New Zealand,1982,4.5327
New Zealand,1981,4.44059
New Zealand,1980,4.23261
New Zealand,1979,4.46774
New Zealand,1978,4.53242
New Zealand,1977,4.45264
New Zealand,1976,5.45479
New Zealand,1975,5.16732
Nicaragua,2010,4.49311
Nicaragua,2003,2.42201
Nicaragua,2002,2.39101
Nicaragua,2000,3.0016
Nicaragua,1999,2.92365
Nicaragua,1998,2.22585
Nicaragua,1992,2.98497
Nicaragua,1987,5.35175
Nicaragua,1984,5.9789
Nicaragua,1982,3.79268
Nicaragua,1980,3.26241
Nicaragua,1979,2.82278
Niger,2014,6.77797
Niger,2013,4.90878
Niger,2012,4.32767
Niger,2011,4.20718
Niger,2010,3.73338
Niger,2009,4.52602
Niger,2008,3.66292
Niger,2007,4.02096
Niger,2006,3.33406
Niger,2003,2.40162
Niger,2002,3.06366
Niger,2001,2.86725
Niger,2000,3.18947
Niger,1999,3.22863
Niger,1996,2.59498
Niger,1995,2.85215
Niger,1994,2.80862
Niger,1993,2.8389
Niger,1992,3.23893
Niger,1991,3.25806
Niger,1990,2.93707
Nigeria,1975,3.06369
Norway,2012,7.37182
Norway,2011,6.45617
Norway,2010,6.74995
Norway,2009,7.09981
Norway,2008,6.28934
Norway,2007,6.53527
Norway,2006,6.38567
Norway,2005,6.86868
Norway,2004,7.30253
Norway,2003,7.41982
Norway,2002,7.44132
Norway,2001,6.82939
Norway,2000,6.46466
Norway,1999,6.96642
Norway,1998,7.36071
Norway,1997,7.30354
Norway,1996,7.13815
Norway,1995,7.69579
Norway,1994,7.83043
Norway,1993,7.67664
Norway,1992,6.63614
Norway,1991,6.37322
Norway,1990,6.31038
Norway,1989,6.29986
Norway,1988,5.86597
Norway,1987,5.78807
Norway,1986,5.53983
Norway,1985,5.25567
Norway,1984,5.42937
Norway,1983,5.6463
Norway,1982,5.67885
Norway,1981,5.54364
Norway,1980,5.78015
Norway,1978,6.44435
Norway,1977,5.97281
Norway,1976,6.1636
Norway,1975,5.55022
Oman,2013,5.00837
Oman,2009,4.18775
Oman,2006,3.85934
Oman,2005,3.51722
Oman,2004,4.02838
Oman,2003,3.89697
Oman,2002,4.32507
Oman,2001,4.02031
Oman,2000,3.20024
Oman,1999,4.00595
Oman,1998,4.11234
Oman,1997,3.3568
Oman,1996,3.18452
Oman,1995,3.41326
Oman,1994,3.44449
Oman,1993,3.50822
Oman,1992,3.12258
Oman,1991,2.98794
Oman,1990,2.83892
Oman,1989,2.97824
Oman,1988,3.38989
Oman,1987,3.65626
Oman,1986,3.79283
Pakistan,2014,2.46666
Pakistan,2013,2.49344
Pakistan,2012,2.13629
Pakistan,2011,2.22175
Pakistan,2010,2.28688
Pakistan,2009,2.59077
Pakistan,2008,2.74623
Pakistan,2007,2.63527
Pakistan,2006,2.62638
Pakistan,2005,2.25436
Pakistan,2004,1.94841
Pakistan,2000,1.83782
Pakistan,1999,2.61148
Pakistan,1997,3.0223
Pakistan,1996,2.81057
Pakistan,1995,2.81679
Pakistan,1994,2.606
Pakistan,1993,2.39868
Pakistan,1992,2.5594
Pakistan,1991,2.56676
Pakistan,1990,2.51681
Pakistan,1989,2.36382
Pakistan,1987,2.97746
Pakistan,1986,2.67813
Pakistan,1985,2.43543
Pakistan,1984,2.06985
Pakistan,1983,1.99577
Pakistan,1982,2.01367
Pakistan,1981,1.96952
Pakistan,1980,2.12883
Pakistan,1979,2.19701
Pakistan,1978,2.20418
Pakistan,1977,2.12237
Pakistan,1976,2.21635
Pakistan,1975,2.00856
Palau,2002,7.47689
Palau,2001,7.52348
Palau,2000,7.81618
Panama,2011,3.29343
Panama,2008,3.54055
Panama,2004,3.78917
Panama,2003,4.41392
Panama,2002,4.43821
Panama,2001,4.34738
Panama,2000,5.03969
Panama,1999,4.83591
Panama,1997,4.07345
Panama,1996,4.33518
Panama,1995,4.78056
Panama,1994,4.20261
Panama,1987,4.6865
Panama,1986,4.05148
Panama,1985,4.26429
Panama,1984,4.20038
Panama,1983,4.2999
Panama,1982,4.13961
Panama,1981,4.1557
Panama,1980,4.28153
Panama,1979,4.78663
Panama,1978,4.75022
Panama,1977,5.64282
Panama,1976,5.69683
Panama,1975,5.48433
Papua New Guinea,1977,7.38971
Paraguay,2012,4.96305
Paraguay,2011,4.96644
Paraguay,2010,3.76766
Paraguay,2007,3.54604
Paraguay,2004,3.43809
Paraguay,2003,3.94925
Paraguay,2002,3.87704
Paraguay,2001,4.25042
Paraguay,2000,4.57071
Paraguay,1999,4.45496
Paraguay,1998,4.30809
Paraguay,1990,1.06207
Paraguay,1985,1.54465
Peru,2014,3.66254
Peru,2013,3.28523
Peru,2012,2.92164
Peru,2011,2.68161
Peru,2010,2.84742
Peru,2009,3.13037
Peru,2008,2.84365
Peru,2007,2.6294
Peru,2006,2.67639
Peru,2005,2.88118
Peru,2004,2.96114
Peru,2003,2.9229
Peru,2002,2.83823
Peru,2001,3.06289
Peru,2000,3.2764
Peru,1999,3.50095
Peru,1998,3.33631
Peru,1996,3.19257
Philippines,2009,2.65295
Philippines,2008,2.69299
Philippines,2007,2.59534
Philippines,2006,2.53381
Philippines,2005,2.42629
Philippines,2004,2.56797
Philippines,2003,3.0447
Philippines,2002,2.99708
Philippines,2001,3.02662
Philippines,2000,3.26766
Philippines,1998,3.81449
Philippines,1997,3.56313
Philippines,1996,3.36287
Philippines,1995,3.04226
Philippines,1986,1.72621
Philippines,1983,1.68607
Philippines,1982,2.07493
Philippines,1980,1.71773
Poland,2012,4.8131
Poland,2011,4.82094
Poland,2010,5.06927
Poland,2009,5.02705
Poland,2008,5.07497
Poland,2007,4.87177
Poland,2006,5.22828
Poland,2005,5.45666
Poland,2004,5.38899
Poland,2003,5.33218
Poland,2002,5.39797
Poland,2001,5.32975
Poland,2000,4.99362
Poland,1999,4.6411
Poland,1998,4.98045
Poland,1996,6.38143
Poland,1995,4.41976
Poland,1993,4.26455
Poland,1992,4.26982
Poland,1991,3.96754
Portugal,2011,5.12127
Portugal,2010,5.40289
Portugal,2009,5.56215
Portugal,2008,4.70212
Portugal,2007,4.92191
Portugal,2006,4.90801
Portugal,2005,5.07074
Portugal,2004,5.04229
Portugal,2003,5.27828
Portugal,2002,5.25589
Portugal,2001,5.33505
Portugal,2000,5.16178
Portugal,1999,5.04535
Portugal,1996,5.06512
Portugal,1995,4.61286
Portugal,1994,4.67084
Portugal,1993,4.84047
Portugal,1992,4.33704
Portugal,1991,4.07093
Portugal,1990,3.56937
Portugal,1989,3.4749
Portugal,1988,3.38719
Portugal,1987,3.15766
Portugal,1986,3.04895
Portugal,1985,3.26217
Portugal,1984,3.14222
Portugal,1983,3.23249
Portugal,1982,3.32877
Portugal,1981,3.18543
Portugal,1980,3.06712
Portugal,1979,2.69904
Portugal,1978,2.90019
Portugal,1976,3.07842
Portugal,1975,3.06211
Puerto Rico,2013,6.3824
Puerto Rico,1978,6.68103
Puerto Rico,1977,6.38757
Puerto Rico,1976,7.14049
Puerto Rico,1975,6.22974
Qatar,2014,3.54896
Qatar,2013,3.99985
Qatar,2012,3.46552
Qatar,2011,4.01224
Qatar,2010,4.53966
Qatar,2009,3.41315
Qatar,2008,4.22755
Qatar,2007,2.45446
Qatar,2006,2.70487
Qatar,2005,3.97188
Qatar,2004,3.46259
Qatar,2003,3.37394
Qatar,2002,3.84656
Qatar,2001,3.20019
Qatar,2000,3.72598
Qatar,1999,4.3453
Qatar,1998,3.57767
Qatar,1978,2.77697
Qatar,1977,1.97006
Qatar,1976,1.74697
Republic of Korea,2012,4.61823
Republic of Korea,2009,4.66982
Republic of Korea,2008,4.46396
Republic of Korea,2007,3.95228
Republic of Korea,2006,3.96742
Republic of Korea,2005,3.90137
Republic of Korea,2004,4.11529
Republic of Korea,2003,4.13241
Republic of Korea,2002,3.79262
Republic of Korea,2001,3.89743
Republic of Korea,1999,3.44687
Republic of Korea,1998,3.42941
Republic of Korea,1995,2.9735
Republic of Korea,1994,3.05064
Republic of Korea,1993,3.70361
Republic of Korea,1992,3.57194
Republic of Korea,1991,3.47166
Republic of Korea,1990,3.02391
Republic of Korea,1989,3.03996
Republic of Korea,1988,2.71047
Republic of Korea,1987,3.30633
Republic of Korea,1986,3.54678
Republic of Korea,1985,3.89292
Republic of Korea,1984,3.90624
Republic of Korea,1983,4.18364
Republic of Korea,1982,6.07534
Republic of Korea,1981,2.77288
Republic of Korea,1980,3.33612
Republic of Korea,1979,2.89827
Republic of Korea,1977,2.31737
Republic of Korea,1976,2.62701
Republic of Korea,1975,1.99639
Romania,2012,2.93955
Romania,2011,3.02775
Romania,2010,3.45849
Romania,2009,4.16182
Romania,2007,4.22328
Romania,2005,3.45668
Romania,2004,3.25867
Romania,2003,3.42195
Romania,2002,3.4959
Romania,2001,3.24046
Romania,2000,2.85443
Romania,1996,3.38874
Russian Federation,2012,4.15467
Russian Federation,2008,4.10175
Russian Federation,2006,3.86626
Russian Federation,2005,3.77193
Russian Federation,2004,3.54786
Russian Federation,2003,3.67855
Russian Federation,2002,3.83902
Russian Federation,2001,3.10602
Russian Federation,2000,2.93981
Rwanda,2013,5.02795
Rwanda,2012,4.75101
Rwanda,2011,4.71131
Rwanda,2010,4.95011
Rwanda,2008,3.782
Rwanda,2007,4.29646
Rwanda,2001,5.66607
Rwanda,2000,4.09511
Rwanda,1999,4.57849
Rwanda,1989,3.74663
Rwanda,1988,3.33534
Rwanda,1987,3.50578
Rwanda,1981,4.39297
Rwanda,1980,2.66633
Rwanda,1979,2.44128
Rwanda,1978,2.23247
Rwanda,1977,2.15021
Saint Kitts and Nevis,2007,4.2253
Saint Kitts and Nevis,2006,4.1125
Saint Kitts and Nevis,2005,3.85991
Saint Kitts and Nevis,2004,4.01691
Saint Kitts and Nevis,2003,3.84377
Saint Kitts and Nevis,2002,3.92256
Saint Kitts and Nevis,2001,4.40403
Saint Kitts and Nevis,2000,4.75855
Saint Kitts and Nevis,1999,3.46419
Saint Kitts and Nevis,1998,4.22196
Saint Kitts and Nevis,1995,3.50032
Saint Kitts and Nevis,1992,3.06823
Saint Kitts and Nevis,1991,2.67806
Saint Kitts and Nevis,1989,2.95372
Saint Kitts and Nevis,1987,3.60698
Saint Kitts and Nevis,1985,5.64292
Saint Lucia,2014,4.84166
Saint Lucia,2013,4.7254
Saint Lucia,2012,4.00106
Saint Lucia,2011,4.26959
Saint Lucia,2010,4.113
Saint Lucia,2009,3.69234
Saint Lucia,2008,5.10542
Saint Lucia,2006,5.5428
Saint Lucia,2005,5.08469
Saint Lucia,2004,4.1151
Saint Lucia,2003,4.30812
Saint Lucia,2001,6.86211
Saint Lucia,1999,7.25485
Saint Lucia,1998,7.37781
Saint Lucia,1994,9.00789
Saint Lucia,1986,6.25656
Saint Lucia,1982,7.07189
Saint Vincent and the Grenadines,2010,5.08523
Saint Vincent and the Grenadines,2009,5.68978
Saint Vincent and the Grenadines,2007,5.9584
Saint Vincent and the Grenadines,2005,6.35081
Saint Vincent and the Grenadines,2003,8.63783
Saint Vincent and the Grenadines,2002,7.80199
Saint Vincent and the Grenadines,2000,7.91364
Saint Vincent and the Grenadines,1999,5.75268
Saint Vincent and the Grenadines,1998,4.03336
Saint Vincent and the Grenadines,1991,5.84482
Saint Vincent and the Grenadines,1989,5.41258
Saint Vincent and the Grenadines,1986,5.56681
Samoa,2008,5.14421
Samoa,2002,3.84139
Samoa,2001,3.82629
Samoa,2000,3.58293
Samoa,1999,4.01625
San Marino,2011,2.38373
San Marino,2010,2.30937
San Marino,1996,3.36902
San Marino,1995,3.37464
San Marino,1994,3.61071
San Marino,1993,3.81647
San Marino,1992,3.92533
San Marino,1991,3.50356
San Marino,1990,3.20449
San Marino,1984,3.05915
San Marino,1982,4.10258
San Marino,1981,4.0159
San Marino,1975,3.91767
Sao Tome and Principe,2014,3.87692
Sao Tome and Principe,2013,5.88708
Sao Tome and Principe,2012,6.02844
Sao Tome and Principe,2010,9.7641
Sao Tome and Principe,2009,10.41521
Sao Tome and Principe,2008,5.50837
Sao Tome and Principe,2007,6.42994
Sao Tome and Principe,2006,4.53594
Sao Tome and Principe,2005,5.25117
Sao Tome and Principe,2004,3.51781
Sao Tome and Principe,2003,3.44044
Sao Tome and Principe,2002,2.8773
Saudi Arabia,2008,5.13781
Saudi Arabia,2006,5.89117
Saudi Arabia,2005,5.43093
Saudi Arabia,2004,6.27747
Saudi Arabia,2003,7.14598
Saudi Arabia,2002,7.67961
Saudi Arabia,2001,7.76633
Saudi Arabia,2000,5.94348
Saudi Arabia,1999,7.10566
Saudi Arabia,1998,8.33827
Saudi Arabia,1997,4.60518
Saudi Arabia,1996,4.97447
Saudi Arabia,1995,5.7284
Saudi Arabia,1994,6.38302
Saudi Arabia,1993,6.03379
Saudi Arabia,1992,5.17939
Saudi Arabia,1991,5.82164
Saudi Arabia,1986,6.25535
Saudi Arabia,1984,6.10957
Saudi Arabia,1983,5.97797
Saudi Arabia,1982,4.14255
Saudi Arabia,1981,3.89025
Senegal,2010,5.59999
Senegal,2009,5.53451
Senegal,2008,5.04807
Senegal,2006,4.77229
Senegal,2005,5.13697
Senegal,2004,3.85473
Senegal,2003,3.50941
Senegal,2002,3.39194
Senegal,2001,3.29467
Senegal,2000,3.15748
Senegal,1999,3.15145
Senegal,1998,3.2003
Serbia,2012,4.42657
Serbia,2011,4.49298
Serbia,2010,4.58655
Serbia,2009,4.75188
Serbia,2008,4.70664
Serbia,2007,4.51091
Seychelles,2011,3.60646
Seychelles,2006,4.77012
Seychelles,2003,5.37493
Seychelles,2002,5.19333
Seychelles,1999,5.261
Seychelles,1998,5.99207
Seychelles,1996,7.77922
Seychelles,1995,7.70369
Seychelles,1994,9.02171
Seychelles,1989,8.22952
Seychelles,1988,8.29189
Seychelles,1986,9.7136
Seychelles,1985,10.23305
Seychelles,1984,12.02893
Seychelles,1976,4.74596
Seychelles,1975,4.34502
Sierra Leone,2014,2.76071
Sierra Leone,2013,2.42026
Sierra Leone,2012,2.91924
Sierra Leone,2011,2.70754
Sierra Leone,2010,2.58865
Sierra Leone,2009,2.77814
Sierra Leone,2008,2.41317
Sierra Leone,2007,2.55851
Sierra Leone,2005,2.83588
Sierra Leone,2004,3.14475
Sierra Leone,2003,3.29477
Sierra Leone,2002,3.58631
Sierra Leone,2001,3.46766
Sierra Leone,2000,4.94937
Singapore,2013,2.90506
Singapore,2012,3.11531
Singapore,2011,3.07419
Singapore,2010,3.10836
Singapore,2009,3.03184
Singapore,2008,2.77935
Singapore,2007,2.96336
Singapore,2006,2.86787
Singapore,2005,3.21966
Singapore,2004,3.67701
Singapore,2003,4.00778
Singapore,2002,3.90063
Singapore,2001,3.55137
Singapore,2000,3.32136
Singapore,1988,3.65584
Singapore,1983,3.94905
Singapore,1982,3.26855
Singapore,1981,2.58428
Singapore,1980,2.5603
Singapore,1979,2.24966
Singapore,1978,2.29136
Singapore,1977,2.45105
Singapore,1976,2.69253
Singapore,1975,2.44172
Slovakia,2013,4.10519
Slovakia,2012,3.92452
Slovakia,2011,3.97264
Slovakia,2010,4.1275
Slovakia,2009,4.0238
Slovakia,2008,3.53547
Slovakia,2007,3.53883
Slovakia,2006,3.7245
Slovakia,2005,3.77754
Slovakia,2004,4.10813
Slovakia,2003,4.21721
Slovakia,2002,4.25106
Slovakia,2001,3.94199
Slovakia,2000,3.87199
Slovakia,1999,4.11247
Slovakia,1997,4.12943
Slovakia,1996,4.13969
Slovakia,1995,4.31547
Slovakia,1994,3.72795
Slovakia,1993,4.46812
Slovakia,1992,5.37926
Slovenia,2012,5.66161
Slovenia,2011,5.56563
Slovenia,2010,5.56251
Slovenia,2009,5.56859
Slovenia,2008,5.10609
Slovenia,2007,5.10509
Slovenia,2006,5.57559
Slovenia,2005,5.58241
Slovenia,2004,5.63518
Slovenia,2003,5.69129
Slovenia,2002,5.65512
Slovenia,2001,5.75709
Slovenia,1995,4.92382
Solomon Islands,2010,10.00108
Solomon Islands,2009,8.97326
Solomon Islands,2008,8.79999
Solomon Islands,2007,9.87995
Solomon Islands,1998,2.24871
Solomon Islands,1991,2.75382
South Africa,2014,6.05628
South Africa,2013,5.99753
South Africa,2012,6.36892
South Africa,2011,5.96275
South Africa,2010,5.72173
South Africa,2009,5.24869
South Africa,2008,4.86601
South Africa,2007,4.97414
South Africa,2006,5.07258
South Africa,2005,5.06321
South Africa,2004,5.06889
South Africa,2003,4.86487
South Africa,2002,5.06624
South Africa,2001,5.15948
South Africa,2000,5.44358
South Africa,1999,5.87522
South Africa,1996,5.57576
South Africa,1994,5.80609
South Africa,1993,6.06783
South Africa,1991,5.91858
South Africa,1990,5.28974
South Africa,1989,5.00923
South Africa,1988,5.46302
South Africa,1987,5.33351
South Sudan,2011,0.80521
Spain,2013,4.30494
Spain,2012,4.4189
Spain,2011,4.86651
Spain,2010,4.81924
Spain,2009,4.86781
Spain,2008,4.501
Spain,2007,4.23331
Spain,2006,4.1676
Spain,2005,4.13003
Spain,2004,4.14829
Spain,2003,4.16717
Spain,2002,4.13603
Spain,2001,4.11988
Spain,2000,4.17637
Spain,1999,4.27052
Spain,1998,4.30296
Spain,1996,4.46852
Spain,1995,4.44671
Spain,1994,4.49689
Spain,1993,4.25645
Spain,1992,3.84761
Spain,1991,3.75254
Spain,1990,3.64349
Spain,1989,3.56145
Spain,1988,3.33737
Spain,1987,3.1367
Spain,1979,2.34442
Spain,1978,2.2368
Spain,1977,2.08282
Spain,1976,1.90457
Sri Lanka,2013,1.62107
Sri Lanka,2012,1.49617
Sri Lanka,2011,1.80861
Sri Lanka,2010,1.71774
Sri Lanka,2009,2.0559
Sri Lanka,1998,3.05141
Sri Lanka,1996,3.3436
Sri Lanka,1995,2.9576
Sri Lanka,1994,3.10853
Sri Lanka,1991,2.91558
Sri Lanka,1990,2.41093
Sri Lanka,1989,2.75516
Sri Lanka,1988,2.82636
Sri Lanka,1987,2.64433
Sri Lanka,1986,2.80542
Sri Lanka,1985,2.57614
Sri Lanka,1984,2.16526
Sri Lanka,1983,2.39061
Sri Lanka,1982,2.5585
Sri Lanka,1981,2.44221
Sri Lanka,1980,2.70417
Sri Lanka,1979,2.56743
Sri Lanka,1975,2.74455
Sudan,2009,2.21868
Sudan,2008,2.20144
Sudan,2006,1.96302
Sudan,2005,1.56307
Sudan,2004,1.6299
Sudan,2002,1.42644
Sudan,2000,1.01218
Swaziland,2011,8.63695
Swaziland,2010,6.96617
Swaziland,2009,7.0592
Swaziland,2008,7.5187
Swaziland,2006,8.06158
Swaziland,2005,7.42072
Swaziland,2004,6.40261
Swaziland,2003,6.80507
Swaziland,2002,5.07651
Swaziland,2001,5.51615
Swaziland,2000,5.50848
Swaziland,1999,5.09095
Swaziland,1996,4.93816
Swaziland,1995,5.65314
Swaziland,1994,5.14029
Swaziland,1990,5.48457
Swaziland,1989,5.66129
Swaziland,1988,5.51156
Swaziland,1987,5.8022
Swaziland,1982,6.75364
Swaziland,1981,6.58383
Swaziland,1980,5.2972
Swaziland,1979,6.36428
Swaziland,1978,5.79652
Swaziland,1977,3.9443
Swaziland,1976,3.71435
Sweden,2013,7.71773
Sweden,2012,7.65619
Sweden,2011,6.49111
Sweden,2010,6.622
Sweden,2009,6.85779
Sweden,2008,6.39072
Sweden,2007,6.21507
Sweden,2006,6.41068
Sweden,2005,6.55951
Sweden,2004,6.72267
Sweden,2003,6.85763
Sweden,2002,7.00103
Sweden,2001,6.68601
Sweden,2000,6.81884
Sweden,1999,6.93027
Sweden,1998,7.16733
Sweden,1996,6.92501
Sweden,1995,6.2239
Sweden,1993,5.58579
Sweden,1992,5.3337
Sweden,1991,5.52166
Sweden,1990,5.28673
Sweden,1981,6.87818
Sweden,1980,6.63053
Sweden,1979,6.46351
Switzerland,2012,5.05331
Switzerland,2011,4.99342
Switzerland,2010,4.94787
Switzerland,2009,5.05967
Switzerland,2008,4.89285
Switzerland,2007,4.71198
Switzerland,2006,4.98153
Switzerland,2005,5.21884
Switzerland,2004,5.45434
Switzerland,2003,5.53839
Switzerland,2002,5.31938
Switzerland,2001,4.95985
Switzerland,2000,4.78836
Switzerland,1999,4.89071
Switzerland,1998,4.88815
Switzerland,1996,5.07918
Switzerland,1995,5.07213
Switzerland,1994,5.068
Switzerland,1993,5.10485
Switzerland,1991,4.69238
Switzerland,1990,4.53429
Switzerland,1989,4.27745
Switzerland,1988,4.36794
Switzerland,1987,4.30139
Switzerland,1986,4.34654
Switzerland,1985,4.30994
Switzerland,1984,4.36412
Switzerland,1983,4.50872
Switzerland,1982,4.40135
Switzerland,1981,4.33295
Switzerland,1980,4.37124
Syrian Arab Republic,2009,5.13014
Syrian Arab Republic,2008,4.59525
Syrian Arab Republic,2007,4.87196
Syrian Arab Republic,2006,5.34599
Syrian Arab Republic,2004,5.37148
Syrian Arab Republic,2003,6.48086
Syrian Arab Republic,2002,5.04692
Syrian Arab Republic,2001,4.36047
Syrian Arab Republic,1996,3.69905
Syrian Arab Republic,1989,4.03414
Syrian Arab Republic,1988,3.61586
Syrian Arab Republic,1987,4.56184
Syrian Arab Republic,1986,5.62293
Syrian Arab Republic,1985,6.07005
Syrian Arab Republic,1984,6.13389
Syrian Arab Republic,1982,5.89762
Syrian Arab Republic,1981,5.38393
Syrian Arab Republic,1980,4.57553
Syrian Arab Republic,1979,4.96617
Syrian Arab Republic,1978,5.51426
Syrian Arab Republic,1977,5.71442
Syrian Arab Republic,1976,5.83146
Syrian Arab Republic,1975,3.93451
Tajikistan,2012,4.01803
Tajikistan,2011,3.93511
Tajikistan,2010,4.00675
Tajikistan,2009,4.09831
Tajikistan,2008,3.45983
Tajikistan,2007,3.41328
Tajikistan,2006,3.40348
Tajikistan,2005,3.51215
Tajikistan,2004,2.77208
Tajikistan,2003,2.42263
Tajikistan,2002,2.7758
Tajikistan,2001,2.37658
Tajikistan,2000,2.32863
Tajikistan,1999,2.07659
Tajikistan,1998,2.52871
Tajikistan,1996,2.04298
Tajikistan,1995,2.06598
Tajikistan,1993,8.18558
Thailand,2013,4.12567
Thailand,2012,4.53768
Thailand,2011,4.80828
Thailand,2010,3.51031
Thailand,2009,3.8638
Thailand,2008,3.5085
Thailand,2007,3.60314
Thailand,2006,4.05037
Thailand,2005,3.93859
Thailand,2004,4.03089
Thailand,2003,3.72561
Thailand,2002,3.86492
Thailand,2001,4.81786
Thailand,2000,5.25346
Thailand,1999,4.83268
Thailand,1998,4.62569
Thailand,1997,4.55563
Thailand,1996,3.52053
Thailand,1995,3.16857
Thailand,1994,3.46129
Thailand,1992,3.04541
Thailand,1991,3.0886
Thailand,1989,2.50243
Thailand,1988,2.75342
Thailand,1987,3.11582
Thailand,1986,3.40798
Thailand,1984,3.43722
Thailand,1983,3.46387
Thailand,1982,3.27388
Thailand,1981,2.88314
Thailand,1980,2.57454
Thailand,1979,2.84529
Thailand,1977,3.21512
Thailand,1976,3.01672
Thailand,1975,2.38088
The former Yugoslav Republic of Macedonia,2002,3.30015
The former Yugoslav Republic of Macedonia,1996,4.52623
The former Yugoslav Republic of Macedonia,1995,4.49269
The former Yugoslav Republic of Macedonia,1994,4.76097
The former Yugoslav Republic of Macedonia,1993,4.87073
The former Yugoslav Republic of Macedonia,1992,4.97911
Timor-Leste,2014,7.67624
Timor-Leste,2013,5.99594
Timor-Leste,2012,6.41859
Timor-Leste,2011,9.3384
Timor-Leste,2010,10.48715
Timor-Leste,2009,11.46614
Timor-Leste,2008,8.10202
Togo,2014,4.83797
Togo,2013,4.40514
Togo,2012,4.66829
Togo,2011,4.43707
Togo,2010,4.42319
Togo,2009,4.11575
Togo,2008,3.43783
Togo,2007,3.69932
Togo,2006,3.66374
Togo,2005,3.40689
Togo,2004,3.62151
Togo,2003,4.19533
Togo,2002,4.01732
Togo,2001,4.18779
Togo,2000,4.50842
Togo,1999,4.18572
Togo,1998,3.98424
Togo,1996,4.41244
Togo,1992,5.67514
Togo,1987,4.71763
Togo,1984,5.39358
Togo,1981,5.88208
Togo,1979,6.67914
Tonga,2004,3.89872
Tonga,2003,4.15218
Tonga,2002,3.79232
Tonga,2001,4.53256
Tonga,2000,4.94077
Tonga,1999,5.46092
Tonga,1998,5.59089
Tonga,1984,10.34651
Trinidad and Tobago,2003,3.1366
Trinidad and Tobago,2002,3.54301
Trinidad and Tobago,2001,3.0653
Trinidad and Tobago,2000,2.75563
Trinidad and Tobago,1999,2.75612
Trinidad and Tobago,1998,2.43892
Trinidad and Tobago,1997,3.32521
Trinidad and Tobago,1996,3.24877
Trinidad and Tobago,1995,3.55855
Trinidad and Tobago,1994,3.43181
Trinidad and Tobago,1990,3.65408
Trinidad and Tobago,1989,4.1999
Trinidad and Tobago,1985,5.76769
Trinidad and Tobago,1984,5.87461
Trinidad and Tobago,1983,5.73999
Trinidad and Tobago,1982,5.56028
Trinidad and Tobago,1980,3.76806
Tunisia,2012,6.2383
Tunisia,2010,6.25478
Tunisia,2009,6.52848
Tunisia,2008,6.27219
Tunisia,2007,6.46552
Tunisia,2006,6.43859
Tunisia,2005,6.45157
Tunisia,2004,6.72078
Tunisia,2003,6.81673
Tunisia,2002,5.79003
Tunisia,2001,6.20183
Tunisia,2000,6.20198
Tunisia,1999,6.27099
Tunisia,1997,6.67903
Tunisia,1996,6.28781
Tunisia,1995,6.42976
Tunisia,1994,6.17647
Tunisia,1993,5.98377
Tunisia,1992,5.75489
Tunisia,1991,6.02747
Tunisia,1990,5.79086
Tunisia,1986,5.87949
Tunisia,1985,5.53972
Tunisia,1984,5.51745
Tunisia,1983,5.45763
Tunisia,1982,5.28605
Tunisia,1981,4.88936
Tunisia,1980,5.23516
Turkey,2006,2.86247
Turkey,2004,3.11739
Turkey,2003,2.96034
Turkey,2002,2.81861
Turkey,2001,2.71185
Turkey,2000,2.58992
Turkey,1999,2.95752
Turkey,1998,0.0
Turkey,1995,2.25111
Turkey,1994,3.42483
Turkey,1993,3.36547
Turkey,1986,1.50957
Turkey,1985,1.73811
Turkey,1984,2.02923
Turkey,1983,2.6476
Turkey,1982,1.75491
Turkey,1981,2.2083
Turkey,1979,2.9152
Turkey,1978,4.34774
Turkmenistan,2012,3.04925
Turks and Caicos Islands,2015,3.26528
Tuvalu,1990,7.55418
Uganda,2013,2.20093
Uganda,2012,2.7226
Uganda,2011,2.69587
Uganda,2010,2.25446
Uganda,2009,3.2543
Uganda,2004,4.95237
Uganda,2000,2.46167
Uganda,1988,5.10365
Uganda,1985,3.43196
Uganda,1984,2.42836
Uganda,1983,1.68909
Uganda,1982,2.51552
Uganda,1976,2.67659
Uganda,1975,3.22103
Ukraine,2013,6.67165
Ukraine,2012,6.69233
Ukraine,2011,6.16238
Ukraine,2009,7.31088
Ukraine,2008,6.42993
Ukraine,2007,6.1512
Ukraine,2006,6.20873
Ukraine,2005,6.05848
Ukraine,2004,5.30832
Ukraine,2003,5.60241
Ukraine,2002,5.43333
Ukraine,2001,4.68049
Ukraine,2000,4.16623
Ukraine,1999,3.61808
Ukraine,1998,4.44884
Ukraine,1997,5.45601
United Arab Emirates,1997,1.10944
United Kingdom of Great Britain and Northern Ireland,2013,5.68625
United Kingdom of Great Britain and Northern Ireland,2011,5.76205
United Kingdom of Great Britain and Northern Ireland,2010,5.9406
United Kingdom of Great Britain and Northern Ireland,2009,5.30917
United Kingdom of Great Britain and Northern Ireland,2008,5.10942
United Kingdom of Great Britain and Northern Ireland,2007,5.15348
United Kingdom of Great Britain and Northern Ireland,2006,5.23207
United Kingdom of Great Britain and Northern Ireland,2005,5.195
United Kingdom of Great Britain and Northern Ireland,2004,5.00706
United Kingdom of Great Britain and Northern Ireland,2003,5.10266
United Kingdom of Great Britain and Northern Ireland,2002,4.95389
United Kingdom of Great Britain and Northern Ireland,2001,4.39215
United Kingdom of Great Britain and Northern Ireland,2000,4.33246
United Kingdom of Great Britain and Northern Ireland,1999,4.29098
United Kingdom of Great Britain and Northern Ireland,1998,4.54001
United Kingdom of Great Britain and Northern Ireland,1996,4.76335
United Kingdom of Great Britain and Northern Ireland,1995,4.83926
United Kingdom of Great Britain and Northern Ireland,1994,4.85083
United Kingdom of Great Britain and Northern Ireland,1992,4.33449
United Kingdom of Great Britain and Northern Ireland,1991,4.12248
United Kingdom of Great Britain and Northern Ireland,1990,4.05552
United Kingdom of Great Britain and Northern Ireland,1989,4.12511
United Kingdom of Great Britain and Northern Ireland,1988,4.26831
United Kingdom of Great Britain and Northern Ireland,1987,4.37181
United Kingdom of Great Britain and Northern Ireland,1986,4.38084
United Kingdom of Great Britain and Northern Ireland,1985,4.59409
United Kingdom of Great Britain and Northern Ireland,1984,4.89906
United Kingdom of Great Britain and Northern Ireland,1983,5.0615
United Kingdom of Great Britain and Northern Ireland,1982,5.1887
United Kingdom of Great Britain and Northern Ireland,1981,5.28842
United Kingdom of Great Britain and Northern Ireland,1980,5.07012
United Kingdom of Great Britain and Northern Ireland,1977,6.06335
United Kingdom of Great Britain and Northern Ireland,1976,6.42422
United Kingdom of Great Britain and Northern Ireland,1975,6.26878
United Republic of Tanzania,2014,3.48143
United Republic of Tanzania,2010,4.62239
United Republic of Tanzania,2009,4.04366
United Republic of Tanzania,2008,4.25246
United Republic of Tanzania,2007,4.04191
United Republic of Tanzania,2006,3.27111
United Republic of Tanzania,2005,4.61078
United Republic of Tanzania,2004,4.65016
United Republic of Tanzania,1998,2.17591
United Republic of Tanzania,1997,2.45859
United Republic of Tanzania,1996,2.53283
United Republic of Tanzania,1990,2.13807
United Republic of Tanzania,1989,2.24927
United States of America,2011,5.22389
United States of America,2010,5.42003
United States of America,2009,5.24958
United States of America,2008,5.30355
United States of America,2007,5.24649
United States of America,2006,5.38882
United States of America,2005,5.07366
United States of America,2004,5.30922
United States of America,2003,5.56552
United States of America,2002,5.40621
United States of America,2001,5.45784
United States of America,1999,4.84935
United States of America,1998,4.81543
United States of America,1995,4.94153
United States of America,1994,4.8741
United States of America,1991,4.89907
United States of America,1990,4.81641
United States of America,1989,4.79609
United States of America,1988,4.67741
United States of America,1986,4.5867
Uruguay,2011,4.35527
Uruguay,2006,2.88026
Uruguay,2005,2.71476
Uruguay,2004,2.49954
Uruguay,2003,2.06821
Uruguay,2002,2.3222
Uruguay,2001,2.80096
Uruguay,2000,2.42255
Uruguay,1998,2.24337
Uruguay,1996,2.86987
Uruguay,1995,2.5214
Uruguay,1994,2.27172
Uruguay,1992,2.41153
Uruguay,1991,2.47908
Uruguay,1986,3.10283
Uruguay,1985,2.56679
Uruguay,1984,2.37339
Uruguay,1980,2.15951
Uruguay,1979,1.98713
Vanuatu,2014,4.91083
Vanuatu,2009,5.01295
Vanuatu,2008,5.78303
Vanuatu,2003,8.44173
Vanuatu,2002,8.13175
Vanuatu,2001,8.95115
Vanuatu,2000,7.00363
Vanuatu,1999,6.16283
Vanuatu,1998,7.64082
Vanuatu,1994,4.38802
Venezuela (Bolivarian Republic of),2009,6.87467
Venezuela (Bolivarian Republic of),2007,3.62732
Venezuela (Bolivarian Republic of),2006,3.66906
Venezuela (Bolivarian Republic of),1994,5.17319
Venezuela (Bolivarian Republic of),1993,3.94532
Venezuela (Bolivarian Republic of),1992,4.45462
Venezuela (Bolivarian Republic of),1990,2.52841
Venezuela (Bolivarian Republic of),1988,3.74109
Venezuela (Bolivarian Republic of),1987,4.16009
Venezuela (Bolivarian Republic of),1984,4.34761
Venezuela (Bolivarian Republic of),1983,5.21235
Venezuela (Bolivarian Republic of),1982,4.4317
Venezuela (Bolivarian Republic of),1981,4.56524
Venezuela (Bolivarian Republic of),1980,3.88187
Venezuela (Bolivarian Republic of),1977,4.50385
Venezuela (Bolivarian Republic of),1975,4.56099
Viet Nam,2012,6.30311
Viet Nam,2010,6.28534
Viet Nam,2008,4.88673
Yemen,2008,4.5606
Yemen,2001,9.24471
Yemen,2000,9.66163
Zambia,2008,1.09972
Zambia,2007,1.24076
Zambia,2005,1.73553
Zambia,2004,2.46343
Zambia,2000,1.78819
Zambia,1999,1.77495
Zambia,1998,2.11823
Zambia,1995,1.83853
Zambia,1994,1.79352
Zambia,1993,1.94208
Zambia,1992,2.0916
Zambia,1991,2.74057
Zambia,1987,2.66226
Zambia,1986,3.33899
Zambia,1985,4.14584
Zambia,1984,4.98856
Zambia,1983,5.38802
Zambia,1982,5.15487
Zambia,1981,4.00072
Zambia,1980,4.12671
Zambia,1979,4.15494
Zambia,1978,4.74075
Zambia,1977,5.69251
Zambia,1976,6.02694
Zambia,1975,6.23854
Zimbabwe,2010,1.97333
Zimbabwe,1994,44.33398
Zimbabwe,1992,22.32221
Zimbabwe,1990,12.45426
Zimbabwe,1989,12.28423
Zimbabwe,1988,12.33729
Zimbabwe,1987,11.64476
Zimbabwe,1985,7.41926
Zimbabwe,1984,5.7915
Zimbabwe,1983,4.14548
Zimbabwe,1981,3.35154
Zimbabwe,1980,2.54418
Zimbabwe,1979,2.31784
