Country,Year,EduExp_Total
Afghanistan,2014,18.39787
Afghanistan,2013,18.4612
Afghanistan,2012,12.82317
Afghanistan,2011,19.10585
Afghanistan,2010,22.24014
Albania,2013,12.12391
Albania,2007,11.17719
Albania,2006,10.93295
Albania,2005,11.35797
Albania,2004,10.70316
Albania,2003,10.5736
Albania,2002,9.88692
Albania,2001,10.58193
Albania,2000,10.13703
Albania,1999,9.68246
Albania,1998,9.62407
Albania,1997,11.15339
Algeria,2008,11.42941
Angola,2010,8.68476
Angola,2006,7.45481
Angola,2005,7.99235
Angola,2000,5.25508
Angola,1998,6.11468
Antigua and Barbuda,2009,6.91662
Antigua and Barbuda,2002,8.85597
Antigua and Barbuda,1999,12.52143
Argentina,2013,15.09043
Argentina,2012,15.06353
Argentina,2011,15.72955
Argentina,2010,15.57046
Argentina,2009,16.6149
Argentina,2008,16.62552
Argentina,2007,15.82749
Argentina,2006,16.35148
Argentina,2005,15.80628
Argentina,2004,15.1602
Argentina,2003,14.36279
Argentina,2002,16.44329
Argentina,2001,16.35761
Argentina,2000,16.22696
Argentina,1999,15.88009
Argentina,1998,15.62227
Armenia,2014,9.36714
Armenia,2013,11.13677
Armenia,2012,13.70187
Armenia,2011,12.59334
Armenia,2010,12.40051
Armenia,2009,13.45122
Armenia,2008,14.26845
Armenia,2007,13.46559
Armenia,2006,13.57852
Armenia,2005,13.64809
Aruba,2011,21.77598
Aruba,2010,22.17513
Aruba,2009,21.56179
Aruba,2008,19.0362
Aruba,2007,20.7888
Aruba,2005,18.88828
Aruba,2004,14.89786
Aruba,2002,19.75715
Aruba,2001,21.32039
Aruba,2000,21.82276
Aruba,1999,19.27892
Aruba,1998,22.08239
Australia,2013,14.04178
Australia,2012,13.18429
Australia,2011,13.50202
Australia,2010,14.3276
Australia,2009,13.41502
Australia,2008,12.59972
Australia,2007,13.03027
Australia,2006,13.1782
Australia,2005,13.58513
Australia,2000,13.59023
Australia,1995,14.11191
Austria,2013,10.95241
Austria,2012,10.70825
Austria,2011,11.06032
Austria,2010,10.85873
Austria,2009,10.66201
Austria,2008,10.64181
Austria,2007,10.54307
Austria,2006,10.46353
Austria,2005,10.34062
Austria,2004,9.95772
Austria,2003,10.55023
Austria,2002,10.91398
Austria,2001,10.9504
Austria,2000,11.12452
Austria,1999,11.84257
Austria,1998,11.79854
Azerbaijan,2013,6.47857
Azerbaijan,2012,5.72184
Azerbaijan,2011,7.30383
Azerbaijan,2010,8.77911
Azerbaijan,2009,9.54358
Azerbaijan,2008,8.28235
Azerbaijan,2007,9.82856
Azerbaijan,2006,9.51087
Azerbaijan,2005,13.12068
Azerbaijan,2004,13.3256
Azerbaijan,2003,11.52329
Azerbaijan,2002,11.39684
Azerbaijan,2001,18.77296
Azerbaijan,2000,18.498
Azerbaijan,1999,17.88669
Azerbaijan,1998,14.2516
Bahamas,2000,19.49561
Bahrain,2012,8.94804
Bahrain,2008,10.55867
Bahrain,2007,11.02673
Bahrain,2006,11.91866
Bangladesh,2013,13.82286
Bangladesh,2012,14.6635
Bangladesh,2009,14.02987
Bangladesh,2008,17.81619
Bangladesh,2007,18.1534
Bangladesh,2006,17.33653
Bangladesh,2004,15.95312
Bangladesh,2003,16.68163
Bangladesh,2002,15.6938
Bangladesh,2001,18.58478
Bangladesh,2000,20.49042
Bangladesh,1999,18.12979
Barbados,2014,14.16823
Barbados,2013,12.15405
Barbados,2012,13.68958
Barbados,2010,15.56024
Barbados,2009,13.84276
Barbados,2008,13.42763
Barbados,2007,15.21563
Barbados,2005,15.39544
Barbados,2004,15.38793
Barbados,2003,15.66595
Barbados,2002,15.91701
Barbados,2001,17.25794
Barbados,2000,13.97806
Barbados,1999,13.14668
Belarus,2014,12.44628
Belarus,2013,12.30363
Belarus,2012,13.18072
Belarus,2011,14.03116
Belarus,2010,12.86463
Belarus,2009,9.78506
Belarus,2007,10.74872
Belarus,2006,12.69644
Belarus,2005,12.91494
Belarus,2004,12.84642
Belarus,2000,58.85509
Belarus,1999,61.1304
Belgium,2011,11.91676
Belgium,2010,12.22374
Belgium,2009,12.02631
Belgium,2008,12.69052
Belgium,2007,12.28268
Belgium,2006,12.22345
Belgium,2005,11.3503
Belgium,2004,12.01388
Belgium,2003,11.75022
Belgium,2002,12.15448
Belgium,2001,12.0038
Belize,2013,22.91612
Belize,2010,23.05208
Belize,2009,21.77003
Belize,2008,19.60072
Belize,2004,16.82134
Belize,2003,16.15851
Belize,2001,18.30537
Belize,2000,16.05444
Belize,1999,18.89415
Benin,2014,22.22764
Benin,2013,22.34122
Benin,2012,25.02131
Benin,2010,26.14396
Benin,2009,18.17562
Benin,2008,19.08858
Benin,2007,14.94869
Benin,2006,19.70961
Benin,2005,18.79039
Benin,2004,19.21395
Benin,2003,16.68253
Benin,2002,14.12908
Benin,2001,15.31058
Benin,2000,13.5132
Benin,1999,17.88519
Benin,1998,18.46174
Bermuda,2014,7.79644
Bermuda,2010,12.93424
Bermuda,2009,13.97043
Bermuda,2005,12.1054
Bermuda,2004,11.11385
Bermuda,2003,11.0366
Bhutan,2014,17.82473
Bhutan,2013,16.11339
Bhutan,2011,11.28502
Bhutan,2010,12.7593
Bhutan,2009,14.02075
Bhutan,2008,15.02172
Bhutan,2005,22.84906
Bhutan,2004,18.69831
Bhutan,2001,13.08501
Bhutan,2000,13.77201
Bolivia,2014,16.85088
Bolivia,2013,16.28364
Bolivia,2012,17.82875
Bolivia,2011,19.48311
Bolivia,2010,24.12779
Bolivia,2009,22.56084
Bolivia,2008,19.92381
Bolivia,2006,21.1625
Bolivia,2003,19.94096
Bolivia,2002,18.71381
Bolivia,2001,18.46146
Bolivia,2000,18.67085
Bolivia,1999,19.27241
Bolivia,1998,18.42669
Botswana,2009,20.4774
Botswana,2007,26.50779
Botswana,2005,25.82353
Brazil,2012,15.56961
Brazil,2011,15.26927
Brazil,2010,14.55991
Brazil,2009,14.72402
Brazil,2008,14.08221
Brazil,2007,13.21855
Brazil,2006,12.42273
Brazil,2005,11.25672
Brazil,2004,10.39372
Brazil,2002,9.63646
Brazil,2001,10.61076
Brazil,2000,11.45216
Brazil,1999,9.60027
Brazil,1998,11.62986
Brunei Darussalam,2014,9.98591
Brunei Darussalam,2012,9.72782
Brunei Darussalam,2011,9.18219
Brunei Darussalam,2010,5.29154
Brunei Darussalam,2000,8.92074
Brunei Darussalam,1999,8.89343
Brunei Darussalam,1998,8.76089
Bulgaria,2012,10.69092
Bulgaria,2011,11.10005
Bulgaria,2010,11.16342
Bulgaria,2009,12.65675
Bulgaria,2008,12.61226
Bulgaria,2007,11.11392
Bulgaria,2006,12.01048
Bulgaria,2005,12.07252
Bulgaria,2004,6.703
Bulgaria,2003,11.18025
Bulgaria,2002,9.65432
Bulgaria,2001,9.27774
Bulgaria,1998,8.95102
Burkina Faso,2014,19.36881
Burkina Faso,2013,16.16524
Burkina Faso,2012,15.89539
Burkina Faso,2011,20.31371
Burkina Faso,2010,17.25072
Burkina Faso,2007,17.86382
Burkina Faso,2006,18.2017
Burkina Faso,2005,19.49419
Burundi,2013,17.24324
Burundi,2012,16.42836
Burundi,2011,14.97923
Burundi,2010,16.58808
Burundi,2009,16.30169
Burundi,2008,12.61554
Burundi,2005,13.87042
Burundi,2004,12.95883
Burundi,2002,15.23766
Burundi,2001,14.1125
Burundi,2000,13.43737
Burundi,1999,13.51864
Cambodia,2013,9.9135
Cambodia,2012,7.53607
Cambodia,2010,13.08358
Cambodia,2007,11.20705
Cambodia,2004,12.40428
Cambodia,2002,10.13756
Cambodia,2001,11.38079
Cambodia,2000,11.079
Cambodia,1998,9.39199
Cameroon,2013,13.82494
Cameroon,2012,15.17625
Cameroon,2011,14.86779
Cameroon,2010,18.75391
Cameroon,2009,19.77975
Cameroon,2008,15.58866
Cameroon,2007,21.56826
Cameroon,2006,20.31262
Cameroon,2005,21.37754
Cameroon,2004,20.84713
Cameroon,2003,21.442
Cameroon,2001,15.48909
Cameroon,2000,11.68372
Canada,2011,12.18817
Canada,2010,12.29996
Canada,2009,12.42582
Canada,2008,12.06521
Canada,2007,12.42298
Canada,2005,12.32375
Canada,2002,12.23728
Canada,2001,12.32389
Canada,2000,12.74552
Canada,1999,12.44565
Canada,1998,12.52588
Cape Verde,2013,14.97774
Cape Verde,2011,15.15328
Cape Verde,2010,14.39624
Cape Verde,2009,16.16892
Cape Verde,2008,18.62308
Cape Verde,2007,18.32875
Cape Verde,2006,17.54058
Cape Verde,2004,20.84048
Cape Verde,2002,19.76623
Cape Verde,1999,16.76194
Cape Verde,1998,17.25592
Central African Republic,2011,7.82546
Central African Republic,2010,6.47538
Central African Republic,2009,7.83009
Central African Republic,2008,7.86
Central African Republic,2007,9.86948
Central African Republic,2006,10.05424
Central African Republic,2005,9.68047
Central African Republic,2004,12.06446
Central African Republic,2003,12.02802
Central African Republic,2002,9.21473
Central African Republic,2000,9.93077
Central African Republic,1999,8.94932
Chad,2013,12.46149
Chad,2011,10.08323
Chad,2010,8.11929
Chad,2009,9.54911
Chad,2005,14.67282
Chad,2004,11.0319
Chad,2001,13.78685
Chad,2000,12.84449
Chad,1999,17.05998
Chad,1998,11.07153
Chad,1997,12.89866
Chile,2013,19.07084
Chile,2012,19.2781
Chile,2011,17.5041
Chile,2010,17.51394
Chile,2009,17.1887
Chile,2008,17.47809
Chile,2007,16.64837
Chile,2006,16.15792
Chile,2005,16.12225
Chile,2004,16.97488
Chile,2003,17.60468
Chile,2002,17.40727
Chile,2000,16.40148
Chile,1999,15.63322
Chile,1998,15.12568
Chile,1997,14.44519
China,1999,12.63153
China,1998,14.55138
Colombia,2014,15.85781
Colombia,2013,16.91362
Colombia,2012,15.51283
Colombia,2011,15.52914
Colombia,2010,16.41858
Colombia,2009,16.08117
Colombia,2008,14.6773
Colombia,2007,14.48145
Colombia,2006,13.76883
Colombia,2005,15.53561
Colombia,2004,15.43978
Colombia,2003,15.53726
Colombia,2002,15.29956
Colombia,2001,13.46772
Colombia,2000,13.28683
Colombia,1999,13.15193
Colombia,1998,12.47536
Comoros,2012,18.49151
Comoros,2011,21.41487
Comoros,2008,29.23312
Comoros,2002,15.78972
Comoros,1998,17.13507
Congo,2010,29.01843
Congo,2005,7.59782
Congo,2004,8.56181
Congo,2003,9.51995
Congo,2002,11.59277
Congo,1998,14.12653
Cook Islands,2000,6.69466
Cook Islands,1999,5.2464
Costa Rica,2014,23.10953
Costa Rica,2013,22.83091
Costa Rica,2012,23.50156
Costa Rica,2011,23.00962
Costa Rica,2010,22.88089
Costa Rica,2009,23.40822
Costa Rica,2008,20.81096
Costa Rica,2007,21.02189
Costa Rica,2006,20.64334
Costa Rica,2004,20.43089
Costa Rica,2003,20.15172
Costa Rica,2002,19.2405
Costa Rica,2001,19.15282
Costa Rica,2000,18.81951
Costa Rica,1999,21.92369
Côte d'Ivoire,2014,20.67385
Côte d'Ivoire,2008,21.94258
Côte d'Ivoire,2007,21.86688
Côte d'Ivoire,2006,20.5064
Côte d'Ivoire,2005,21.84566
Côte d'Ivoire,2004,22.10709
Côte d'Ivoire,2003,22.64824
Côte d'Ivoire,2002,22.59234
Côte d'Ivoire,2001,23.20203
Côte d'Ivoire,2000,20.80695
Côte d'Ivoire,1999,21.67118
Côte d'Ivoire,1998,18.81477
Côte d'Ivoire,1997,19.22015
Croatia,2011,8.57615
Croatia,2010,9.08259
Croatia,2009,9.30367
Croatia,2008,9.62946
Croatia,2007,8.88328
Croatia,2004,8.19198
Croatia,2003,8.27336
Croatia,2002,7.96833
Cyprus,2011,15.53671
Cyprus,2010,15.68234
Cyprus,2009,17.12682
Cyprus,2008,17.48246
Cyprus,2007,16.60186
Cyprus,2006,16.09478
Cyprus,2005,15.74568
Cyprus,2004,15.777
Cyprus,2003,16.51523
Cyprus,2002,14.91421
Cyprus,2001,14.33211
Cyprus,2000,14.27602
Cyprus,1999,13.90828
Czech Republic,2012,9.74072
Czech Republic,2011,10.09534
Czech Republic,2010,9.48043
Czech Republic,2009,9.58393
Czech Republic,2008,9.34464
Czech Republic,2007,9.69913
Czech Republic,2006,10.35338
Czech Republic,2005,9.32313
Czech Republic,2004,9.53951
Czech Republic,2003,8.5548
Czech Republic,2002,8.98813
Czech Republic,2001,8.83908
Czech Republic,2000,9.07353
Czech Republic,1999,8.99875
Czech Republic,1998,8.63671
Democratic Republic of the Congo,2013,16.83461
Democratic Republic of the Congo,2010,8.97645
Denmark,2011,15.03621
Denmark,2010,15.10334
Denmark,2009,14.94417
Denmark,2008,14.83026
Denmark,2007,15.3567
Denmark,2006,15.51264
Denmark,2005,15.77934
Denmark,2004,15.48686
Denmark,2003,15.14175
Denmark,2002,15.43388
Denmark,2001,15.54854
Denmark,2000,15.34415
Denmark,1999,14.54371
Denmark,1998,14.63437
Djibouti,2010,12.3284
Djibouti,2007,22.26884
Djibouti,2006,22.14541
Djibouti,2005,22.71505
Djibouti,2004,24.70114
Djibouti,2003,24.27149
Djibouti,2002,25.48931
Djibouti,2001,26.28002
Djibouti,2000,29.38595
Djibouti,1999,22.89607
Dominica,1999,11.41962
Dominica,1998,17.1116
Dominican Republic,2007,12.57788
Dominican Republic,2003,9.70181
Dominican Republic,2002,12.07972
Dominican Republic,2001,12.50729
Dominican Republic,2000,12.98848
Ecuador,2012,10.34829
Ecuador,2011,10.96467
Ecuador,2010,11.75183
Ecuador,2000,4.9643
Ecuador,1999,6.6746
Ecuador,1998,10.86149
Egypt,2008,10.44253
Egypt,2007,10.44791
Egypt,2006,10.59623
Egypt,2005,14.42145
Egypt,2004,13.79283
Egypt,2003,14.04387
El Salvador,2011,15.87258
El Salvador,2010,16.16422
El Salvador,2009,18.54698
El Salvador,2008,19.44883
El Salvador,2007,16.94065
El Salvador,2006,15.57183
El Salvador,2005,14.65582
El Salvador,2003,14.44008
El Salvador,2002,15.89931
El Salvador,2000,13.91002
El Salvador,1999,13.60802
El Salvador,1998,14.53233
Equatorial Guinea,1998,5.24814
Eritrea,2006,5.16807
Eritrea,2004,5.74185
Eritrea,2002,5.63338
Eritrea,2001,5.86161
Eritrea,1999,5.56554
Eritrea,1998,6.25092
Estonia,2012,12.05791
Estonia,2011,13.41265
Estonia,2010,13.6818
Estonia,2009,13.45903
Estonia,2008,14.15127
Estonia,2007,13.87777
Estonia,2005,14.52335
Estonia,2004,14.48866
Estonia,2003,15.18783
Estonia,2002,15.28683
Estonia,2001,15.05838
Estonia,2000,14.81044
Estonia,1999,16.50726
Estonia,1998,16.16829
Estonia,1997,17.85775
Ethiopia,2013,27.0211
Ethiopia,2012,30.53954
Ethiopia,2011,29.67443
Ethiopia,2010,26.30404
Ethiopia,2009,23.58375
Ethiopia,2008,26.35573
Ethiopia,2007,24.69945
Ethiopia,2006,23.97538
Ethiopia,2002,16.18775
Ethiopia,2001,14.46177
Ethiopia,2000,14.90773
Fiji,2013,14.03247
Fiji,2011,14.88946
Fiji,2009,15.35247
Fiji,2008,16.73676
Fiji,2007,21.4214
Fiji,2006,19.33155
Fiji,2005,18.76223
Fiji,2004,22.04252
Fiji,2002,19.95339
Fiji,2001,18.52476
Fiji,2000,20.48492
Fiji,1999,19.28934
Fiji,1998,17.87772
Finland,2013,12.47078
Finland,2012,12.81075
Finland,2011,11.92289
Finland,2010,11.94222
Finland,2009,11.83831
Finland,2008,12.11463
Finland,2007,12.15036
Finland,2006,12.28382
Finland,2005,12.2497
Finland,2004,12.77896
Finland,2003,12.77597
Finland,2002,12.68253
Finland,2001,12.63445
Finland,2000,12.17092
Finland,1999,11.76006
France,2012,9.73667
France,2011,9.86391
France,2010,10.06915
France,2009,10.10988
France,2008,10.27361
France,2007,10.42595
France,2006,10.3673
France,2005,10.40092
France,2004,10.73231
France,2003,10.84215
France,2002,10.34289
France,2001,10.57707
France,2000,10.78995
France,1999,10.84448
France,1998,10.81141
Gabon,2000,17.70649
Gabon,1999,11.34816
Gabon,1998,7.05813
Gambia,2013,10.27583
Gambia,2012,13.8003
Gambia,2011,15.11833
Gambia,2010,17.61123
Gambia,2009,13.29374
Gambia,2008,18.41265
Gambia,2007,7.2975
Gambia,2006,5.36076
Gambia,2005,5.25027
Gambia,2004,4.77066
Gambia,2003,8.1835
Gambia,2002,8.80675
Gambia,2001,8.20527
Gambia,2000,11.9218
Georgia,2012,6.70776
Georgia,2011,9.26943
Georgia,2009,8.99825
Georgia,2008,8.9376
Georgia,2007,9.48665
Georgia,2006,12.89539
Georgia,2005,11.18125
Georgia,2004,15.03676
Georgia,2003,12.49294
Georgia,2002,13.60351
Georgia,2001,12.36196
Georgia,2000,12.54072
Georgia,1999,10.60486
Georgia,1998,10.85143
Germany,2012,11.2171
Germany,2011,10.82095
Germany,2010,10.44703
Germany,2009,10.31754
Germany,2008,10.16083
Germany,2007,10.18212
Germany,2006,9.62531
Germany,1998,9.37684
Ghana,2013,21.70402
Ghana,2012,37.68692
Ghana,2011,30.76981
Ghana,2010,21.24422
Ghana,2009,22.67599
Ghana,2008,23.60645
Ghana,2007,24.11957
Ghana,2006,24.16198
Ghana,2005,23.42996
Ghana,2004,22.37925
Ghana,2001,15.59659
Ghana,1999,14.8927
Greece,2005,9.17249
Greece,2004,8.42267
Greece,2003,7.9529
Greece,2002,7.91812
Greece,2001,7.70515
Greece,2000,7.07659
Greece,1999,6.90314
Greece,1998,6.701
Grenada,2003,10.80899
Guatemala,2013,20.63795
Guatemala,2012,21.10514
Guatemala,2011,20.24641
Guatemala,2010,19.29692
Guatemala,2008,23.34816
Guatemala,2007,21.27816
Guatemala,2006,20.33845
Guinea,2013,14.13282
Guinea,2012,9.46061
Guinea,2011,14.25931
Guinea,2010,12.43832
Guinea,2009,13.5834
Guinea,2008,15.67827
Guinea,2005,10.94747
Guinea,2004,12.3133
Guinea,2003,11.62474
Guinea,2002,13.06433
Guinea,2001,10.31576
Guinea,2000,15.19597
Guinea,1999,14.65855
Guinea-Bissau,2013,16.19138
Guinea-Bissau,2012,14.5398
Guinea-Bissau,2011,10.55761
Guinea-Bissau,2010,9.96159
Guinea-Bissau,1999,16.7431
Guyana,2012,10.26061
Guyana,2011,11.82504
Guyana,2010,11.97244
Guyana,2009,10.34722
Guyana,2007,11.52616
Guyana,2006,13.48169
Guyana,2005,13.82344
Guyana,2004,11.08074
Guyana,2003,13.81456
Guyana,2002,16.90001
Guyana,2001,16.55556
Guyana,2000,17.65684
Guyana,1999,22.6878
Holy See,2015,0.0
Holy See,2014,0.0
Holy See,2013,0.0
Holy See,2012,0.0
Holy See,2011,0.0
Holy See,2010,0.0
Holy See,2009,0.0
Holy See,2008,0.0
Holy See,2007,0.0
Holy See,2006,0.0
Holy See,2005,0.0
Holy See,2004,0.0
Holy See,2003,0.0
Holy See,2002,0.0
Holy See,2001,0.0
Holy See,2000,0.0
Holy See,1999,0.0
Holy See,1998,0.0
Holy See,1997,0.0
Holy See,1996,0.0
Holy See,1995,0.0
Holy See,1994,0.0
Holy See,1993,0.0
Holy See,1992,0.0
Holy See,1991,0.0
Holy See,1990,0.0
Holy See,1989,0.0
Holy See,1988,0.0
Holy See,1987,0.0
Holy See,1986,0.0
Holy See,1985,0.0
Holy See,1984,0.0
Holy See,1983,0.0
Holy See,1982,0.0
Holy See,1981,0.0
Holy See,1980,0.0
Holy See,1979,0.0
Holy See,1978,0.0
Holy See,1977,0.0
Holy See,1976,0.0
Holy See,1975,0.0
Honduras,2013,19.23051
Hong Kong Special Administrative Region of China,2014,17.6204
Hong Kong Special Administrative Region of China,2013,20.3008
Hong Kong Special Administrative Region of China,2012,18.64948
Hong Kong Special Administrative Region of China,2011,20.14833
Hong Kong Special Administrative Region of China,2010,19.90941
Hong Kong Special Administrative Region of China,2009,23.79947
Hong Kong Special Administrative Region of China,2008,22.9224
Hong Kong Special Administrative Region of China,2007,22.63778
Hong Kong Special Administrative Region of China,2006,23.2826
Hong Kong Special Administrative Region of China,2005,22.47858
Hong Kong Special Administrative Region of China,2004,23.15106
Hong Kong Special Administrative Region of China,2003,23.24429
Hong Kong Special Administrative Region of China,2002,22.20729
Hong Kong Special Administrative Region of China,2001,22.41878
Hungary,2011,9.30398
Hungary,2010,9.68474
Hungary,2009,9.86443
Hungary,2008,10.27063
Hungary,2007,10.33821
Hungary,2006,10.32768
Hungary,2005,10.80056
Hungary,2004,11.00593
Hungary,2003,11.82985
Hungary,2002,10.17901
Hungary,2001,10.45495
Hungary,2000,10.32352
Hungary,1999,9.42253
Hungary,1998,8.73522
Iceland,2011,15.41527
Iceland,2010,14.60396
Iceland,2009,15.16028
Iceland,2008,13.03326
Iceland,2007,17.21768
Iceland,2006,17.92521
Iceland,2005,17.80961
Iceland,2004,16.82493
Iceland,2003,16.39488
Iceland,2002,17.10422
Iceland,2001,16.22192
Iceland,2000,15.75082
Iceland,1999,15.58284
Iceland,1998,16.71814
India,2012,14.06268
India,2011,13.67652
India,2010,11.74278
India,2009,10.82184
India,2006,11.78109
India,2005,11.53216
India,2004,11.55219
India,2003,12.92223
India,2000,17.49648
India,1999,17.64342
India,1998,14.77773
India,1997,10.74359
Indonesia,2014,17.50933
Indonesia,2013,17.59418
Indonesia,2012,18.09042
Indonesia,2011,18.06186
Indonesia,2010,16.65418
Indonesia,2009,19.30844
Indonesia,2008,13.67475
Indonesia,2007,14.94431
Indonesia,2005,15.1488
Indonesia,2004,14.1703
Indonesia,2003,16.27864
Indonesia,2002,14.36723
Indonesia,2001,11.59399
"Iran, Islamic Republic of",2014,19.67193
"Iran, Islamic Republic of",2013,21.67391
"Iran, Islamic Republic of",2012,17.03431
"Iran, Islamic Republic of",2011,19.1267
"Iran, Islamic Republic of",2010,18.80435
"Iran, Islamic Republic of",2009,18.02354
"Iran, Islamic Republic of",2008,20.57943
"Iran, Islamic Republic of",2007,19.87443
"Iran, Islamic Republic of",2006,19.34813
"Iran, Islamic Republic of",2005,22.32196
"Iran, Islamic Republic of",2004,21.47405
"Iran, Islamic Republic of",2003,21.65296
"Iran, Islamic Republic of",2002,26.33352
"Iran, Islamic Republic of",2001,24.42417
"Iran, Islamic Republic of",2000,20.63385
"Iran, Islamic Republic of",1999,20.11292
Ireland,2012,13.83413
Ireland,2011,12.68265
Ireland,2010,9.29551
Ireland,2009,13.04314
Ireland,2008,13.01657
Ireland,2007,13.12946
Ireland,2006,13.42976
Ireland,2005,13.58013
Ireland,2004,13.54971
Ireland,2003,12.75296
Ireland,2002,12.43247
Ireland,2001,12.59213
Ireland,2000,13.38861
Ireland,1999,12.18244
Ireland,1998,12.38154
Israel,2011,13.49082
Israel,2010,13.25932
Israel,2009,12.91916
Israel,2008,13.04756
Israel,2007,12.88462
Israel,2006,12.92004
Israel,2005,12.50637
Israel,2004,12.60446
Israel,2003,12.68165
Israel,2002,12.6119
Israel,2001,12.72572
Israel,2000,12.72266
Italy,2011,8.43019
Italy,2010,8.72395
Italy,2009,8.86717
Italy,2008,9.20517
Italy,2007,8.80193
Italy,2006,9.52719
Italy,2005,9.01373
Italy,2004,9.38801
Italy,2003,9.64084
Italy,2002,9.50514
Italy,2001,9.82544
Italy,2000,9.44847
Italy,1999,9.54947
Italy,1998,9.2389
Jamaica,2014,21.79749
Jamaica,2013,20.57386
Jamaica,2012,18.80926
Jamaica,2011,18.58193
Jamaica,2010,16.10294
Jamaica,2009,17.55284
Jamaica,2008,19.11938
Jamaica,2007,17.17305
Jamaica,2005,14.26937
Jamaica,2004,11.73302
Jamaica,2003,13.36234
Jamaica,2002,18.36393
Jamaica,2001,19.99115
Jamaica,2000,16.7966
Japan,2014,9.29035
Japan,2013,9.57815
Japan,2012,9.48014
Japan,2011,9.70961
Japan,2010,9.45758
Japan,2008,10.32735
Japan,2007,10.04298
Japan,2006,10.15117
Japan,2005,10.29182
Japan,2004,9.93784
Japan,2003,9.94637
Japan,2002,9.85811
Japan,2001,9.63897
Japan,2000,9.93041
Japan,1999,10.33425
Japan,1998,10.2068
Jordan,1999,14.18371
Jordan,1997,18.4214
Kazakhstan,2009,13.0409
Kazakhstan,2008,13.64712
Kazakhstan,2007,11.94463
Kazakhstan,2006,13.26734
Kazakhstan,2005,10.22782
Kazakhstan,2004,10.26694
Kazakhstan,2002,14.75948
Kenya,2010,20.55599
Kenya,2006,24.95597
Kenya,2005,27.30884
Kenya,2004,26.66815
Kenya,2003,24.98009
Kenya,2002,25.62821
Kenya,2001,22.11042
Kenya,2000,23.06399
Kenya,1999,24.04598
Kiribati,2001,11.51614
Kiribati,2000,15.26542
Kiribati,1999,12.50751
Kuwait,2006,13.37001
Kuwait,2005,13.85411
Kuwait,2004,14.95361
Kuwait,2002,14.96518
Kuwait,2001,17.63889
Kyrgyzstan,2013,17.773
Kyrgyzstan,2012,18.19559
Kyrgyzstan,2011,18.1727
Kyrgyzstan,2010,15.68476
Kyrgyzstan,2009,18.1331
Kyrgyzstan,2008,20.17296
Kyrgyzstan,2007,20.32407
Kyrgyzstan,2006,18.43475
Kyrgyzstan,2005,16.46192
Kyrgyzstan,2004,15.9067
Kyrgyzstan,2003,15.655
Kyrgyzstan,2002,15.01681
Kyrgyzstan,2001,13.70554
Kyrgyzstan,2000,11.59721
Kyrgyzstan,1999,11.37496
Kyrgyzstan,1998,13.6927
Lao People's Democratic Republic,2014,15.35253
Lao People's Democratic Republic,2010,11.89297
Lao People's Democratic Republic,2008,13.963
Lao People's Democratic Republic,2007,17.35746
Lao People's Democratic Republic,2006,17.48047
Lao People's Democratic Republic,2005,13.73158
Lao People's Democratic Republic,2004,16.24385
Lao People's Democratic Republic,2002,16.20456
Lao People's Democratic Republic,2001,9.11739
Lao People's Democratic Republic,2000,7.26613
Latvia,2013,13.14706
Latvia,2012,12.42275
Latvia,2011,12.74603
Latvia,2010,11.80903
Latvia,2009,13.02514
Latvia,2008,14.7631
Latvia,2007,14.06705
Latvia,2006,13.91163
Latvia,2004,14.50181
Latvia,2003,15.37676
Latvia,2002,16.37018
Latvia,2001,15.87752
Latvia,2000,14.60148
Latvia,1999,14.09594
Latvia,1998,15.66433
Lebanon,2013,8.57552
Lebanon,2012,7.10915
Lebanon,2011,5.73381
Lebanon,2010,5.53429
Lebanon,2009,5.503
Lebanon,2008,5.86977
Lebanon,2007,7.34104
Lebanon,2006,7.69319
Lebanon,2005,8.42131
Lebanon,2004,7.93123
Lebanon,2002,7.0563
Lebanon,2001,7.42125
Lesotho,2008,24.69755
Lesotho,2006,28.23381
Lesotho,2005,32.40492
Lesotho,2004,27.6499
Lesotho,2003,32.10573
Lesotho,2002,24.36376
Lesotho,2001,23.84892
Lesotho,2000,19.20038
Lesotho,1999,23.55235
Liberia,2012,8.10176
Liberia,2008,7.27842
Libyan Arab Jamahiriya,1999,8.13873
Lithuania,2012,13.53597
Lithuania,2011,12.33635
Lithuania,2010,12.85882
Lithuania,2009,12.77761
Lithuania,2008,13.05296
Lithuania,2007,13.32594
Lithuania,2006,14.28965
Lithuania,2005,14.57956
Lithuania,2004,15.57213
Lithuania,2003,15.93098
Lithuania,2002,17.4651
Lithuania,2001,16.67028
Lithuania,1998,16.61294
Lithuania,1997,16.71701
Luxembourg,2001,9.69806
Macao Special Administrative Region of China,2013,14.25466
Macao Special Administrative Region of China,2012,20.22375
Macao Special Administrative Region of China,2011,16.13787
Macao Special Administrative Region of China,2010,15.67268
Macao Special Administrative Region of China,2009,12.90882
Madagascar,2013,13.98948
Madagascar,2012,20.32568
Madagascar,2011,19.7794
Madagascar,2009,22.5854
Madagascar,2008,16.25801
Madagascar,2007,18.04436
Madagascar,2006,15.32419
Madagascar,2005,18.03287
Madagascar,2004,12.96052
Madagascar,2003,15.76285
Madagascar,2002,17.93601
Madagascar,2001,17.68298
Madagascar,2000,15.89018
Madagascar,1999,15.539
Madagascar,1998,9.38266
Madagascar,1997,10.64502
Malawi,2014,16.33672
Malawi,2013,20.36157
Malawi,2011,15.213
Malawi,2010,12.51796
Malawi,2003,16.55257
Malaysia,2013,21.47878
Malaysia,2011,20.97702
Malaysia,2010,18.40623
Malaysia,2009,18.46463
Malaysia,2008,14.03864
Malaysia,2007,16.12466
Malaysia,2006,16.74557
Malaysia,2004,21.01292
Malaysia,2003,24.54244
Malaysia,2002,25.9036
Malaysia,2001,24.34852
Malaysia,2000,21.39068
Malaysia,1999,21.18855
Malaysia,1997,18.98457
Maldives,2012,15.29215
Maldives,2011,17.67886
Maldives,2009,17.5128
Maldives,2008,12.61971
Maldives,2007,12.74641
Maldives,2006,13.34758
Maldives,2005,13.01498
Maldives,2004,19.47924
Maldives,2003,20.3462
Maldives,2002,21.2399
Mali,2014,18.22425
Mali,2013,16.62345
Mali,2012,22.40338
Mali,2011,18.25828
Mali,2010,16.50394
Mali,2009,16.95944
Mali,2008,18.03169
Mali,2005,16.2803
Mali,2004,17.73635
Mali,2003,18.28376
Mali,2002,14.52521
Mali,2001,14.49319
Mali,2000,15.32381
Malta,2012,15.25658
Malta,2011,18.8981
Malta,2010,15.73082
Malta,2009,12.34974
Malta,2008,13.09073
Malta,2007,14.53679
Malta,2004,10.56516
Malta,2002,9.53534
Marshall Islands,2003,22.50875
Marshall Islands,2002,14.8142
Marshall Islands,1999,28.54381
Mauritania,2013,11.40537
Mauritania,2012,10.01775
Mauritania,2011,13.68266
Mauritania,2010,16.03502
Mauritania,2008,13.88017
Mauritania,2006,10.31029
Mauritania,2004,8.17586
Mauritius,2014,20.9054
Mauritius,2013,14.78901
Mauritius,2012,14.96062
Mauritius,2011,13.84617
Mauritius,2010,14.57315
Mauritius,2009,11.64793
Mauritius,2008,11.95525
Mauritius,2007,12.74995
Mauritius,2006,14.13833
Mauritius,2005,15.82166
Mauritius,2004,16.21239
Mauritius,2003,15.91087
Mauritius,2002,11.51012
Mauritius,2001,11.97105
Mauritius,2000,14.31736
Mauritius,1999,16.76763
Mexico,2011,19.00752
Mexico,2010,19.42911
Mexico,2009,18.47241
Mexico,2008,18.80036
Mexico,2007,20.24585
Mexico,2006,20.74933
Mexico,2005,22.18896
Mexico,2004,22.20036
Mexico,2003,22.44291
Mexico,2002,20.97145
Mexico,2001,20.84655
Mexico,2000,19.77632
Mexico,1999,16.34315
Mexico,1998,15.78817
"Micronesia, Federated States of",2000,9.96512
"Micronesia, Federated States of",1999,8.78498
Moldova,2014,18.83653
Moldova,2012,20.82347
Moldova,2011,21.9582
Moldova,2010,22.3361
Moldova,2009,21.01412
Moldova,2008,19.82275
Moldova,2007,19.48785
Moldova,2006,18.67197
Moldova,2005,19.35065
Moldova,2004,19.55373
Moldova,2003,16.28233
Moldova,2002,18.08781
Moldova,2001,16.47752
Moldova,2000,12.99873
Moldova,1999,13.87681
Monaco,2014,5.00886
Monaco,2013,7.05922
Monaco,2012,8.87595
Monaco,2011,8.07617
Monaco,2010,6.36322
Monaco,2009,6.59881
Monaco,2004,5.92595
Monaco,2000,6.3279
Monaco,1999,5.0717
Monaco,1998,6.48977
Monaco,1997,6.40111
Mongolia,2011,12.15085
Mongolia,2010,14.71111
Mongolia,2009,14.51142
Mongolia,2007,13.28645
Mongolia,2004,13.57351
Mongolia,2002,20.31151
Mongolia,2000,16.07477
Mongolia,1999,15.25156
Mongolia,1998,15.17901
Mongolia,1997,12.80767
Morocco,2009,17.29529
Morocco,2008,17.47064
Morocco,1999,25.76847
Morocco,1998,25.21153
Mozambique,2013,19.03288
Mozambique,2012,19.76724
Mozambique,2006,18.55004
Mozambique,2005,22.71818
Mozambique,2004,18.00154
Mozambique,1999,16.92332
Mozambique,1998,12.05375
Namibia,2010,26.19325
Namibia,2008,25.07235
Namibia,2006,21.60299
Namibia,2003,20.32821
Namibia,2002,21.83686
Namibia,2001,22.77571
Namibia,2000,21.92506
Namibia,1999,23.04277
Nepal,2014,22.09018
Nepal,2013,21.39802
Nepal,2010,20.81352
Nepal,2009,19.84753
Nepal,2008,22.11482
Nepal,2007,21.12867
Nepal,2006,25.48504
Nepal,2005,22.27689
Nepal,2004,21.60618
Nepal,2003,21.30218
Nepal,2002,20.42635
Nepal,2001,21.61894
Nepal,2000,19.11359
Netherlands,2013,12.13509
Netherlands,2012,11.61935
Netherlands,2011,11.75423
Netherlands,2010,11.52436
Netherlands,2009,11.40658
Netherlands,2008,11.68874
Netherlands,2007,11.62183
Netherlands,2006,11.82707
Netherlands,2005,12.1909
Netherlands,2004,11.71956
Netherlands,2003,11.40185
Netherlands,2002,11.09102
Netherlands,2001,11.01248
Netherlands,2000,11.07332
Netherlands,1999,10.48322
Netherlands,1998,10.58261
New Zealand,2014,17.83375
New Zealand,2012,19.35049
New Zealand,2011,16.67924
New Zealand,2010,16.64842
New Zealand,2009,16.75341
New Zealand,2008,15.37095
New Zealand,2007,16.36142
New Zealand,2006,16.55642
New Zealand,2005,17.75142
New Zealand,2004,18.56677
New Zealand,2003,18.29794
New Zealand,2002,18.31226
New Zealand,2001,18.2456
New Zealand,1999,17.72079
Nicaragua,2010,22.75367
Nicaragua,2003,14.887
Nicaragua,2002,15.68779
Nicaragua,2000,14.5737
Nicaragua,1999,14.7168
Nicaragua,1998,13.38182
Niger,2014,21.66142
Niger,2013,18.08446
Niger,2012,19.19202
Niger,2011,21.67581
Niger,2010,18.10404
Niger,2009,18.91294
Niger,2008,16.17733
Niger,2007,17.37597
Niger,2006,16.88377
Niger,2003,13.8455
Niger,2002,16.65247
Niger,2001,16.59557
Niger,2000,18.78317
Niger,1999,17.11781
Norway,2012,17.45271
Norway,2011,15.01093
Norway,2010,15.30602
Norway,2009,15.76085
Norway,2008,16.1489
Norway,2007,16.55713
Norway,2006,16.23354
Norway,2005,16.7517
Norway,2004,16.53605
Norway,2003,15.75515
Norway,2002,16.25644
Norway,2001,15.73486
Norway,2000,15.48646
Norway,1999,14.85471
Norway,1998,15.24957
Norway,1997,15.90564
Oman,2013,11.08018
Oman,2009,10.94918
Oman,2006,11.22463
Oman,2005,10.05364
Oman,2004,10.31647
Oman,2003,10.03896
Oman,2002,11.06248
Oman,2001,10.58399
Oman,2000,8.98344
Oman,1999,10.32786
Oman,1998,9.9918
Oman,1997,9.12556
Pakistan,2014,11.30067
Pakistan,2013,11.51398
Pakistan,2012,11.04063
Pakistan,2011,10.92462
Pakistan,2010,11.86466
Pakistan,2009,12.08264
Pakistan,2008,14.09698
Pakistan,2007,15.4455
Pakistan,2006,15.28909
Pakistan,2005,13.77751
Pakistan,2004,11.22935
Pakistan,2000,8.48988
Pakistan,1999,11.30733
Palau,2002,15.34344
Palau,2001,15.1165
Palau,2000,13.80012
Panama,2011,13.01972
Panama,2008,14.88983
Panama,2004,14.56827
Panama,2003,16.34301
Panama,2002,16.9575
Panama,2001,16.63913
Panama,2000,19.83194
Panama,1999,18.97315
Panama,1997,17.35391
Paraguay,2012,19.60245
Paraguay,2011,23.24948
Paraguay,2010,18.72218
Paraguay,2007,19.33039
Paraguay,2004,18.22925
Paraguay,2003,20.8618
Paraguay,2002,18.81539
Paraguay,2001,19.87923
Paraguay,2000,21.55939
Paraguay,1999,21.87683
Paraguay,1998,17.54141
Peru,2014,16.2449
Peru,2013,15.20863
Peru,2012,14.37909
Peru,2011,13.55255
Peru,2010,13.55558
Peru,2009,14.59631
Peru,2008,14.53442
Peru,2007,14.14177
Peru,2006,14.0353
Peru,2005,14.27852
Peru,2004,15.27385
Peru,2003,14.65831
Peru,2002,14.57806
Peru,2001,14.79623
Peru,2000,15.25037
Philippines,2009,13.21117
Philippines,2008,14.44199
Philippines,2007,13.66697
Philippines,2006,13.26849
Philippines,2005,12.42232
Philippines,2004,12.7509
Philippines,2003,14.38022
Philippines,2002,14.06893
Philippines,2001,13.91591
Philippines,2000,15.20676
Philippines,1998,18.18099
Philippines,1997,15.3684
Poland,2012,11.31258
Poland,2011,11.06334
Poland,2010,11.10892
Poland,2009,11.13928
Poland,2008,11.45085
Poland,2007,11.25322
Poland,2006,12.62833
Poland,2005,12.1865
Poland,2004,12.6811
Poland,2003,11.97418
Poland,2002,12.22743
Poland,2001,12.17392
Poland,2000,12.19891
Poland,1999,10.8919
Poland,1998,11.27881
Portugal,2011,10.24668
Portugal,2010,10.42656
Portugal,2009,11.07481
Portugal,2008,10.37183
Portugal,2007,11.06376
Portugal,2006,11.43944
Portugal,2005,10.86354
Portugal,2004,10.94621
Portugal,2003,11.64595
Portugal,2002,12.02215
Portugal,2001,12.09401
Portugal,2000,12.10436
Portugal,1999,11.85663
Puerto Rico,2013,21.58274
Qatar,2014,11.13241
Qatar,2013,12.76523
Qatar,2012,11.80998
Qatar,2011,12.70807
Qatar,2010,13.17872
Qatar,2009,14.32702
Qatar,2008,14.222
Qatar,2007,8.10067
Qatar,2006,8.63605
Qatar,2005,12.70809
Qatar,2004,11.76485
Qatar,2003,10.43067
Qatar,2002,11.97642
Qatar,2001,10.19462
Qatar,2000,9.57736
Qatar,1999,9.63585
Qatar,1998,7.93362
Romania,2012,8.43579
Romania,2011,8.33493
Romania,2010,9.12913
Romania,2009,11.02129
Romania,2007,12.00496
Romania,2005,10.83668
Romania,2004,9.84331
Romania,2003,11.13906
Romania,2002,10.92235
Romania,2001,9.84882
Romania,2000,8.18758
Russian Federation,2012,11.14676
Russian Federation,2008,11.95923
Russian Federation,2006,12.4258
Russian Federation,2005,11.95056
Russian Federation,2004,11.17592
Russian Federation,2003,10.53169
Russian Federation,2002,10.58385
Russian Federation,2001,9.21335
Russian Federation,2000,8.95183
Rwanda,2013,16.59715
Rwanda,2012,15.92128
Rwanda,2011,15.38505
Rwanda,2010,17.37576
Rwanda,2008,15.59088
Rwanda,2007,18.77496
Rwanda,2001,26.69957
Rwanda,2000,21.09614
Rwanda,1999,21.90942
Saint Kitts and Nevis,2007,12.75324
Saint Kitts and Nevis,2006,12.2831
Saint Kitts and Nevis,2005,11.05621
Saint Kitts and Nevis,2004,11.53994
Saint Kitts and Nevis,2003,11.86328
Saint Kitts and Nevis,2002,9.95556
Saint Kitts and Nevis,2001,14.20753
Saint Kitts and Nevis,2000,13.68505
Saint Kitts and Nevis,1999,10.32295
Saint Kitts and Nevis,1998,14.4316
Saint Lucia,2014,15.30152
Saint Lucia,2013,13.84786
Saint Lucia,2012,12.19245
Saint Lucia,2011,13.83676
Saint Lucia,2010,14.20208
Saint Lucia,2009,13.89532
Saint Lucia,2008,19.94337
Saint Lucia,2006,19.01138
Saint Lucia,2005,16.30697
Saint Lucia,2004,15.04104
Saint Lucia,2003,15.42216
Saint Lucia,2001,25.85463
Saint Lucia,1999,26.03627
Saint Lucia,1998,29.43382
Saint Vincent and the Grenadines,2010,15.48563
Saint Vincent and the Grenadines,2009,17.3385
Saint Vincent and the Grenadines,2007,20.03841
Saint Vincent and the Grenadines,2005,22.59199
Saint Vincent and the Grenadines,2003,31.47551
Saint Vincent and the Grenadines,2002,28.70131
Saint Vincent and the Grenadines,2000,30.7892
Saint Vincent and the Grenadines,1999,21.14544
Saint Vincent and the Grenadines,1998,14.84942
Samoa,2008,16.06423
Samoa,2002,12.7938
Samoa,2001,12.77033
Samoa,2000,10.4613
Samoa,1999,13.41717
San Marino,2011,10.64036
San Marino,2010,10.78129
Sao Tome and Principe,2014,12.30941
Sao Tome and Principe,2013,18.82657
Sao Tome and Principe,2012,13.71965
Sao Tome and Principe,2010,19.3236
Sao Tome and Principe,2009,20.55948
Sao Tome and Principe,2008,18.24332
Sao Tome and Principe,2007,16.65969
Sao Tome and Principe,2006,9.69203
Sao Tome and Principe,2005,12.12649
Sao Tome and Principe,2004,5.84991
Sao Tome and Principe,2003,6.68909
Sao Tome and Principe,2002,6.42829
Saudi Arabia,2008,19.25742
Saudi Arabia,2006,21.60387
Saudi Arabia,2005,19.29229
Saudi Arabia,2004,20.18866
Saudi Arabia,2003,21.45522
Saudi Arabia,2002,21.29412
Saudi Arabia,2001,20.89614
Saudi Arabia,2000,17.83659
Saudi Arabia,1999,23.3294
Saudi Arabia,1998,23.98243
Saudi Arabia,1997,12.29582
Senegal,2010,20.72314
Senegal,2009,20.88079
Senegal,2008,19.22612
Senegal,2006,17.95464
Senegal,2005,21.77104
Senegal,2004,16.96225
Senegal,2003,16.11751
Senegal,2002,16.72192
Senegal,2001,15.72974
Senegal,2000,17.61849
Senegal,1999,16.82036
Senegal,1998,18.73254
Serbia,2012,9.59923
Serbia,2011,10.60352
Serbia,2010,10.51358
Serbia,2009,10.93675
Serbia,2008,10.83843
Serbia,2007,10.39359
Seychelles,2011,10.38641
Seychelles,2006,10.95452
Seychelles,2003,12.0432
Seychelles,2002,9.22016
Seychelles,1999,9.37376
Seychelles,1998,9.87257
Sierra Leone,2014,15.09175
Sierra Leone,2013,15.20228
Sierra Leone,2012,14.12596
Sierra Leone,2011,12.41147
Sierra Leone,2010,12.80193
Sierra Leone,2009,15.89641
Sierra Leone,2008,14.93093
Sierra Leone,2007,19.75022
Sierra Leone,2005,15.50661
Sierra Leone,2004,17.1488
Sierra Leone,2003,17.31936
Sierra Leone,2002,17.70319
Sierra Leone,2001,17.9708
Sierra Leone,2000,20.7313
Singapore,2013,19.92994
Singapore,2012,20.94088
Singapore,2011,20.61663
Singapore,2010,16.55659
Singapore,2009,17.52529
Singapore,2008,22.8247
Singapore,2007,22.50065
Singapore,2006,23.10702
Singapore,2005,23.8523
Singapore,2004,26.36067
Singapore,2003,22.67977
Singapore,2002,17.6956
Singapore,2001,18.10959
Singapore,2000,14.15517
Slovakia,2013,10.03899
Slovakia,2012,9.79439
Slovakia,2011,9.83438
Slovakia,2010,9.85753
Slovakia,2009,9.18133
Slovakia,2008,9.66711
Slovakia,2007,9.81596
Slovakia,2006,9.67682
Slovakia,2005,9.5924
Slovakia,2004,10.93355
Slovakia,2003,10.63662
Slovakia,2002,9.47443
Slovakia,2001,8.89935
Slovakia,2000,7.47054
Slovakia,1999,8.61408
Slovakia,1997,8.55968
Slovenia,2012,12.63184
Slovenia,2011,12.07168
Slovenia,2010,12.08019
Slovenia,2009,12.30418
Slovenia,2008,12.54904
Slovenia,2007,12.89666
Slovenia,2006,13.3197
Slovenia,2005,13.29055
Slovenia,2004,13.49902
Slovenia,2003,13.69596
Slovenia,2002,13.72527
Slovenia,2001,13.81725
Solomon Islands,2010,17.47849
Solomon Islands,2009,16.78565
Solomon Islands,2008,18.8434
Solomon Islands,2007,22.16813
Solomon Islands,1998,13.11648
South Africa,2014,19.10913
South Africa,2013,19.15533
South Africa,2012,20.62222
South Africa,2011,18.92162
South Africa,2010,18.04437
South Africa,2009,18.30626
South Africa,2008,17.90631
South Africa,2007,18.38215
South Africa,2006,19.68185
South Africa,2005,19.92499
South Africa,2004,19.93463
South Africa,2003,19.5923
South Africa,2002,20.0957
South Africa,2001,20.47205
South Sudan,2011,3.93043
Spain,2013,9.55238
Spain,2012,9.22981
Spain,2011,10.66101
Spain,2010,10.56398
Spain,2009,10.63552
Spain,2008,10.93867
Spain,2007,10.8762
Spain,2006,10.88879
Spain,2005,10.78145
Spain,2004,10.72629
Spain,2003,10.88755
Spain,2002,10.709
Spain,2001,10.71261
Spain,2000,10.68445
Spain,1999,10.69392
Spain,1998,10.48723
Sri Lanka,2013,9.81888
Sri Lanka,2012,8.75172
Sri Lanka,2011,9.32521
Sri Lanka,2010,8.60563
Sri Lanka,2009,8.27076
Sri Lanka,1998,11.58281
Sudan,2009,10.7707
Sudan,2008,9.3854
Sudan,2006,8.25316
Sudan,2005,5.9668
Sudan,2004,7.94924
Sudan,2002,11.04489
Sudan,2000,9.11689
Swaziland,2011,22.35631
Swaziland,2010,18.28303
Swaziland,2009,19.38638
Swaziland,2008,21.81324
Swaziland,2006,22.70757
Swaziland,2005,20.89186
Swaziland,2004,21.10407
Swaziland,2003,22.06382
Swaziland,2002,17.29377
Swaziland,2001,19.65618
Swaziland,2000,18.74508
Swaziland,1999,20.4332
Sweden,2013,15.21395
Sweden,2012,15.2498
Sweden,2011,13.24639
Sweden,2010,13.34556
Sweden,2009,13.21638
Sweden,2008,13.0583
Sweden,2007,12.86494
Sweden,2006,12.79996
Sweden,2005,12.78735
Sweden,2004,13.08087
Sweden,2003,12.95974
Sweden,2002,13.24319
Sweden,2001,12.93972
Sweden,2000,13.00554
Sweden,1999,12.4802
Sweden,1998,12.77152
Switzerland,2012,16.09951
Switzerland,2011,15.89852
Switzerland,2010,15.949
Switzerland,2009,16.14197
Switzerland,2008,16.48364
Switzerland,2007,14.96232
Switzerland,2006,15.32336
Switzerland,2005,15.23224
Switzerland,2004,15.63313
Switzerland,2003,15.67911
Switzerland,2002,15.40657
Switzerland,2001,14.92363
Switzerland,2000,14.77138
Switzerland,1999,14.46079
Switzerland,1998,14.15674
Syrian Arab Republic,2009,19.18405
Syrian Arab Republic,2008,20.04079
Syrian Arab Republic,2007,18.92593
Syrian Arab Republic,2006,20.04848
Syrian Arab Republic,2004,17.1454
Syrian Arab Republic,2003,19.8554
Syrian Arab Republic,2002,16.82607
Syrian Arab Republic,2001,15.66206
Tajikistan,2012,16.35024
Tajikistan,2011,14.56051
Tajikistan,2010,15.33145
Tajikistan,2009,14.31216
Tajikistan,2008,12.8005
Tajikistan,2007,12.21488
Tajikistan,2006,15.63601
Tajikistan,2005,15.29338
Tajikistan,2004,13.67676
Tajikistan,2003,12.69424
Tajikistan,2002,14.59364
Tajikistan,2001,13.18853
Tajikistan,2000,12.02514
Tajikistan,1999,11.83439
Tajikistan,1998,15.07245
Thailand,2013,18.86017
Thailand,2012,21.39677
Thailand,2011,22.63026
Thailand,2010,16.22264
Thailand,2009,18.17831
Thailand,2008,18.16283
Thailand,2007,18.48466
Thailand,2006,22.00282
Thailand,2005,20.54676
Thailand,2004,21.45771
Thailand,2003,20.86637
Thailand,2002,16.22287
Thailand,2001,24.24127
Thailand,2000,28.3886
Thailand,1999,18.97908
Thailand,1998,19.48098
The former Yugoslav Republic of Macedonia,2002,8.64088
Timor-Leste,2014,7.74731
Timor-Leste,2013,7.31605
Timor-Leste,2012,6.66565
Timor-Leste,2011,9.61729
Timor-Leste,2010,12.88816
Timor-Leste,2009,15.52864
Timor-Leste,2008,9.86456
Togo,2014,19.36476
Togo,2013,17.20001
Togo,2012,17.68043
Togo,2011,18.63494
Togo,2010,19.61576
Togo,2009,19.37198
Togo,2008,19.24566
Togo,2007,18.15452
Togo,2006,17.28665
Togo,2005,17.67808
Togo,2004,21.83069
Togo,2003,27.75643
Togo,2002,30.70003
Togo,2001,25.73136
Togo,2000,24.42371
Togo,1999,23.41876
Togo,1998,20.98232
Tonga,2004,18.10253
Tonga,2003,18.41225
Tonga,2002,15.46275
Tonga,2001,19.7819
Tonga,2000,22.95586
Tonga,1999,22.60827
Trinidad and Tobago,2003,13.33585
Trinidad and Tobago,2002,13.39844
Trinidad and Tobago,2001,10.42365
Trinidad and Tobago,2000,10.42718
Trinidad and Tobago,1999,9.70982
Trinidad and Tobago,1998,8.03995
Trinidad and Tobago,1997,11.307
Tunisia,2012,21.61525
Tunisia,2010,26.07562
Tunisia,2009,25.26201
Tunisia,2008,25.25867
Tunisia,2007,26.42863
Tunisia,2006,26.86131
Tunisia,2005,26.69569
Tunisia,2004,27.83381
Tunisia,2003,27.68429
Tunisia,2002,22.88013
Tunisia,2001,24.64776
Tunisia,2000,24.59178
Tunisia,1999,24.90079
Tunisia,1997,25.95522
Turkey,2006,8.54862
Turkey,2004,8.77593
Turkey,2003,7.15246
Turkey,2002,6.53223
Turkey,2001,6.60896
Turkey,2000,7.08241
Turkmenistan,2012,20.79551
Uganda,2013,11.76472
Uganda,2012,12.60984
Uganda,2011,12.07702
Uganda,2010,9.38318
Uganda,2009,13.85372
Uganda,2004,20.30833
Uganda,2000,10.35489
Ukraine,2013,13.86764
Ukraine,2012,13.66552
Ukraine,2011,13.48432
Ukraine,2009,15.05737
Ukraine,2008,13.55571
Ukraine,2007,14.03619
Ukraine,2006,13.92323
Ukraine,2005,13.73865
Ukraine,2004,12.78175
Ukraine,2003,14.41952
Ukraine,2002,14.36096
Ukraine,2001,12.81095
Ukraine,2000,11.35897
Ukraine,1999,13.53417
Ukraine,1998,11.59928
Ukraine,1997,12.92467
United Arab Emirates,1997,5.02373
United Kingdom of Great Britain and Northern Ireland,2013,12.97461
United Kingdom of Great Britain and Northern Ireland,2011,12.71642
United Kingdom of Great Britain and Northern Ireland,2010,12.96037
United Kingdom of Great Britain and Northern Ireland,2009,12.60698
United Kingdom of Great Britain and Northern Ireland,2008,12.96622
United Kingdom of Great Britain and Northern Ireland,2007,13.01274
United Kingdom of Great Britain and Northern Ireland,2006,13.22107
United Kingdom of Great Britain and Northern Ireland,2005,13.18665
United Kingdom of Great Britain and Northern Ireland,2004,12.95551
United Kingdom of Great Britain and Northern Ireland,2003,13.61654
United Kingdom of Great Britain and Northern Ireland,2002,13.56549
United Kingdom of Great Britain and Northern Ireland,2001,12.29263
United Kingdom of Great Britain and Northern Ireland,2000,12.06015
United Kingdom of Great Britain and Northern Ireland,1999,11.80168
United Kingdom of Great Britain and Northern Ireland,1998,12.25563
United Republic of Tanzania,2014,17.25627
United Republic of Tanzania,2010,19.64802
United Republic of Tanzania,2009,17.41092
United Republic of Tanzania,2008,18.77841
United Republic of Tanzania,2007,19.43172
United Republic of Tanzania,2006,15.01412
United Republic of Tanzania,2005,18.14316
United Republic of Tanzania,2004,19.49264
United Republic of Tanzania,1998,11.79397
United States of America,2011,13.05128
United States of America,2010,13.16852
United States of America,2009,12.91058
United States of America,2008,14.17161
United States of America,2007,14.55928
United States of America,2006,15.1779
United States of America,2005,15.13099
United States of America,2004,15.68447
United States of America,2003,16.59401
United States of America,2002,16.5502
Uruguay,2011,14.92589
Uruguay,2006,9.89818
Uruguay,2005,9.46483
Uruguay,2004,8.42054
Uruguay,2003,6.8295
Uruguay,2002,7.71913
Uruguay,2001,9.1999
Uruguay,2000,8.31884
Vanuatu,2014,21.82901
Vanuatu,2009,18.72315
Vanuatu,2008,21.40563
Vanuatu,2003,44.8018
Vanuatu,2002,36.40962
Vanuatu,2001,40.07755
Vanuatu,2000,27.52419
Vanuatu,1999,25.82178
Vanuatu,1998,27.4011
Venezuela (Bolivarian Republic of),2009,20.66358
Venezuela (Bolivarian Republic of),2007,10.09005
Venezuela (Bolivarian Republic of),2006,9.344
Viet Nam,2012,21.43734
Viet Nam,2010,20.93943
Viet Nam,2008,18.05421
Yemen,2008,12.48921
Yemen,2001,30.32128
Yemen,2000,30.48928
Zambia,2008,5.6518
Zambia,2007,6.22791
Zambia,2005,7.72973
Zambia,2004,10.58499
Zambia,2000,8.35262
Zimbabwe,2010,8.72091
