Country,Year,Enroll_Primary
Afghanistan,2014,6217756.0
Afghanistan,2013,5986268.0
Afghanistan,2012,5767543.0
Afghanistan,2011,5291624.0
Afghanistan,2010,5279326.0
Afghanistan,2009,4945632.0
Afghanistan,2008,4974836.0
Afghanistan,2007,4718077.0
Afghanistan,2006,4669110.0
Afghanistan,2005,4318819.0
Afghanistan,2004,4430142.0
Afghanistan,2003,3781015.0
Afghanistan,2002,2667629.0
Afghanistan,2001,773623.0
Afghanistan,2000,749360.0
Albania,2014,195720.0
Albania,2013,198897.0
Albania,2012,206617.0
Albania,2011,215660.0
Albania,2010,224781.0
Albania,2009,236102.0
Albania,2008,199454.0
Albania,2007,210125.0
Albania,2006,222402.0
Albania,2005,237975.0
Albania,2004,240487.0
Albania,2003,252829.0
Albania,2002,263603.0
Albania,2001,274233.0
Albania,2000,283249.0
Albania,1999,292070.0
Algeria,2014,3765307.0
Algeria,2013,3608812.0
Algeria,2012,3451588.0
Algeria,2011,3363236.0
Algeria,2010,3312440.0
Algeria,2009,3252664.0
Algeria,2008,3942242.0
Algeria,2007,4086925.0
Algeria,2006,4196580.0
Algeria,2005,4361744.0
Algeria,2004,4507703.0
Algeria,2003,4612574.0
Algeria,2002,4691870.0
Algeria,2001,4720950.0
Algeria,2000,4843313.0
Algeria,1999,4778870.0
Andorra,2014,4065.0
Andorra,2013,4068.0
Andorra,2012,4130.0
Andorra,2011,4263.0
Andorra,2010,4367.0
Andorra,2009,4474.0
Andorra,2008,4492.0
Andorra,2007,4427.0
Andorra,2006,4332.0
Andorra,2005,4085.0
Andorra,2004,4264.0
Andorra,2003,4142.0
Andorra,2002,4108.0
Angola,2011,5026803.0
Angola,2010,4273006.0
Angola,2009,4046266.0
Angola,2008,3930051.0
Angola,2007,3558605.0
Anguilla,2011,1646.0
Anguilla,2010,1620.0
Anguilla,2009,1590.0
Anguilla,2008,1610.0
Anguilla,2007,1558.0
Anguilla,2006,1512.0
Anguilla,2005,1449.0
Anguilla,2004,1433.0
Anguilla,2003,1447.0
Anguilla,2002,1427.0
Anguilla,2001,1489.0
Anguilla,2000,1539.0
Anguilla,1999,1569.0
Antigua and Barbuda,2014,10172.0
Antigua and Barbuda,2012,10453.0
Antigua and Barbuda,2011,10855.0
Antigua and Barbuda,2010,11254.0
Antigua and Barbuda,2009,11276.0
Antigua and Barbuda,2008,11562.0
Antigua and Barbuda,2007,11569.0
Antigua and Barbuda,2000,13025.0
Argentina,2013,4791544.0
Argentina,2012,4871157.0
Argentina,2011,4911776.0
Argentina,2010,4947106.0
Argentina,2009,4961821.0
Argentina,2008,4975520.0
Argentina,2007,4951505.0
Argentina,2006,4928319.0
Argentina,2005,4872890.0
Argentina,2004,4923075.0
Argentina,2003,4885664.0
Argentina,2002,4986759.0
Argentina,2001,4950673.0
Argentina,2000,4900956.0
Argentina,1999,4823807.0
Armenia,2014,142517.0
Armenia,2013,140638.0
Armenia,2012,138470.0
Armenia,2011,136716.0
Armenia,2010,101819.0
Armenia,2009,114528.0
Armenia,2008,121841.0
Armenia,2007,127546.0
Armenia,2006,121502.0
Armenia,2005,125149.0
Armenia,2004,134664.0
Armenia,2003,143822.0
Armenia,2002,155423.0
Armenia,2001,176302.0
Armenia,2000,180306.0
Armenia,1999,255943.0
Aruba,2014,9816.0
Aruba,2013,9803.0
Aruba,2012,8888.0
Aruba,2011,9112.0
Aruba,2010,9857.0
Aruba,2009,9944.0
Aruba,2008,10012.0
Aruba,2007,10346.0
Aruba,2006,10389.0
Aruba,2005,10250.0
Aruba,2004,10185.0
Aruba,2003,9897.0
Aruba,2002,9840.0
Aruba,2001,9436.0
Aruba,2000,9263.0
Aruba,1999,9096.0
Australia,2014,2168531.0
Australia,2013,2127730.0
Australia,2012,2083119.0
Australia,2011,2042081.0
Australia,2010,2015017.0
Australia,2009,1991715.0
Australia,2008,1977837.0
Australia,2007,1973456.0
Australia,2006,1938861.0
Australia,2005,1934941.0
Australia,2004,1934549.0
Australia,2003,1931817.0
Australia,2002,1933765.0
Australia,2001,1914395.0
Australia,2000,1905951.0
Australia,1999,1885341.0
Austria,2014,327246.833
Austria,2013,327187.0
Austria,2012,326955.0
Austria,2011,326351.0
Austria,2010,328015.0
Austria,2009,331565.0
Austria,2008,337448.0
Austria,2007,347249.0
Austria,2006,355293.0
Austria,2005,362822.0
Austria,2004,372963.0
Austria,2003,379920.0
Austria,2002,386484.0
Austria,2001,392339.0
Austria,2000,392407.0
Austria,1999,388777.0
Azerbaijan,2014,517708.0
Azerbaijan,2013,498237.0
Azerbaijan,2012,491479.0
Azerbaijan,2011,482773.0
Azerbaijan,2010,481551.0
Azerbaijan,2009,490242.0
Azerbaijan,2008,496697.0
Azerbaijan,2007,512317.0
Azerbaijan,2006,537653.0
Azerbaijan,2005,568097.0
Azerbaijan,2004,607007.0
Azerbaijan,2003,635652.0
Azerbaijan,2002,668902.0
Azerbaijan,2001,693760.0
Azerbaijan,2000,700136.0
Azerbaijan,1999,691259.0
Bahamas,2010,33977.0
Bahamas,2009,34865.0
Bahamas,2008,36833.0
Bahamas,2007,37122.0
Bahamas,2006,35921.0
Bahamas,2005,37050.0
Bahamas,2004,36070.0
Bahamas,2002,34153.0
Bahamas,1999,33780.0
Bahrain,2014,103806.0
Bahrain,2013,99702.0
Bahrain,2012,95524.0
Bahrain,2011,93038.0
Bahrain,2010,90993.0
Bahrain,2009,88281.0
Bahrain,2008,86084.0
Bahrain,2006,89721.0
Bahrain,2005,83299.0
Bahrain,2004,82708.0
Bahrain,2003,81887.0
Bahrain,2002,81057.0
Bahrain,2001,79407.0
Bahrain,2000,77720.0
Bahrain,1999,76302.0
Bangladesh,2011,18432499.0
Bangladesh,2010,16987106.0
Bangladesh,2009,16539389.0
Bangladesh,2008,16001605.0
Bangladesh,2007,16312907.0
Bangladesh,2006,16396870.0
Bangladesh,2005,16219478.0
Barbados,2014,21171.0
Barbados,2011,22509.0
Barbados,2010,22659.0
Barbados,2009,22727.0
Barbados,2008,22849.0
Barbados,2007,22584.0
Barbados,2006,22461.0
Barbados,2005,22249.0
Barbados,2004,22327.0
Barbados,2003,23074.0
Barbados,2002,23394.0
Barbados,2001,24225.0
Barbados,2000,24475.0
Barbados,1999,24792.0
Belarus,2014,368783.0
Belarus,2013,355634.0
Belarus,2012,351780.0
Belarus,2011,353801.0
Belarus,2010,357796.0
Belarus,2009,362110.0
Belarus,2008,362304.0
Belarus,2007,361493.0
Belarus,2006,367736.0
Belarus,2005,379577.0
Belarus,2004,403841.0
Belarus,2003,437005.0
Belarus,2002,511863.0
Belarus,2001,560931.0
Belarus,2000,599732.0
Belarus,1999,632083.0
Belgium,2014,773568.0
Belgium,2013,764137.0
Belgium,2012,744331.0
Belgium,2011,736062.0
Belgium,2010,731761.0
Belgium,2009,731603.0
Belgium,2008,733052.0
Belgium,2007,732411.0
Belgium,2006,732808.0
Belgium,2005,738580.0
Belgium,2004,747111.0
Belgium,2003,761730.0
Belgium,2002,767787.0
Belgium,2001,771889.0
Belgium,2000,773742.0
Belgium,1999,762734.0
Belize,2014,51978.0
Belize,2013,52573.0
Belize,2012,53605.0
Belize,2011,52361.0
Belize,2010,52650.0
Belize,2009,52629.0
Belize,2008,51994.0
Belize,2007,51898.0
Belize,2006,51497.0
Belize,2005,50247.0
Belize,2004,48996.0
Belize,2003,47187.0
Belize,2002,44430.0
Belize,2001,45246.0
Belize,2000,44788.0
Belize,1999,44180.0
Benin,2014,2133330.0
Benin,2013,2064031.0
Benin,2012,1987182.0
Benin,2011,1869379.0
Benin,2010,1787940.0
Benin,2009,1719390.0
Benin,2008,1601146.0
Benin,2006,1356818.0
Benin,2005,1318140.0
Benin,2004,1319648.0
Benin,2003,1233214.0
Benin,2002,1152798.0
Benin,2001,1054936.0
Benin,2000,932424.0
Benin,1999,872217.0
Bermuda,2014,4100.0
Bermuda,2013,4122.0
Bermuda,2012,4216.0
Bermuda,2011,4347.0
Bermuda,2010,4473.0
Bermuda,2006,4678.0
Bermuda,2005,4760.0
Bermuda,2004,4810.0
Bermuda,2003,4879.0
Bermuda,2002,4910.0
Bermuda,2001,4959.0
Bhutan,2014,101667.0
Bhutan,2013,104323.0
Bhutan,2012,110575.0
Bhutan,2011,111183.0
Bhutan,2010,110369.0
Bhutan,2009,108842.0
Bhutan,2008,106100.0
Bhutan,2007,104467.0
Bhutan,2006,102225.0
Bhutan,2005,99458.0
Bhutan,2004,97323.0
Bhutan,2003,93974.0
Bhutan,2002,90944.0
Bhutan,2001,88204.0
Bhutan,2000,85092.0
Bhutan,1999,81156.0
Bolivia,2013,1348603.0
Bolivia,2012,1361227.0
Bolivia,2011,1389709.0
Bolivia,2010,1429084.0
Bolivia,2009,1469495.0
Bolivia,2008,1508389.0
Bolivia,2007,1512002.0
Bolivia,2006,1508194.0
Bolivia,2004,1504493.0
Bolivia,2003,1531996.0
Bolivia,2002,1544430.0
Bolivia,2001,1501040.0
Bolivia,2000,1492023.0
Bolivia,1999,1444879.0
Bosnia and Herzegovina,2014,161023.0
Bosnia and Herzegovina,2013,162528.0
Bosnia and Herzegovina,2012,166620.0
Bosnia and Herzegovina,2011,170842.0
Bosnia and Herzegovina,2010,175271.0
Bosnia and Herzegovina,2009,173647.0
Bosnia and Herzegovina,2008,181917.0
Bosnia and Herzegovina,2007,198800.0
Botswana,2013,340065.0
Botswana,2012,335830.0
Botswana,2009,330775.0
Botswana,2008,327233.0
Botswana,2007,327617.0
Botswana,2006,330417.0
Botswana,2005,329191.0
Botswana,2004,328692.0
Botswana,2003,330376.0
Botswana,2002,330835.0
Botswana,2001,329451.0
Botswana,2000,324283.0
Botswana,1999,322475.0
Brazil,2013,16760693.0
Brazil,2012,16134889.0
Brazil,2011,16486880.0
Brazil,2010,16893490.0
Brazil,2009,17451886.0
Brazil,2008,17812436.0
Brazil,2007,17996083.0
Brazil,2005,18661105.0
Brazil,2004,18979209.0
Brazil,2003,18919122.0
Brazil,2002,19380387.0
Brazil,2001,19727684.0
Brazil,2000,20211506.0
Brazil,1999,20939076.0
British Virgin Islands,2014,3277.0
British Virgin Islands,2013,3197.0
British Virgin Islands,2012,3164.0
British Virgin Islands,2011,3138.0
British Virgin Islands,2010,3201.0
British Virgin Islands,2009,3128.0
British Virgin Islands,2007,3044.0
British Virgin Islands,2006,2923.0
British Virgin Islands,2005,2892.0
British Virgin Islands,2004,2824.0
British Virgin Islands,2003,2780.0
British Virgin Islands,2002,2811.0
British Virgin Islands,2001,2775.0
British Virgin Islands,2000,2883.0
British Virgin Islands,1999,2757.0
Brunei Darussalam,2014,41078.0
Brunei Darussalam,2013,42090.0
Brunei Darussalam,2012,42753.0
Brunei Darussalam,2011,43767.0
Brunei Darussalam,2010,44215.0
Brunei Darussalam,2009,44681.0
Brunei Darussalam,2008,45125.0
Brunei Darussalam,2007,45972.0
Brunei Darussalam,2006,46085.0
Brunei Darussalam,2005,46012.0
Brunei Darussalam,2004,46382.0
Brunei Darussalam,2003,46242.0
Brunei Darussalam,2002,44882.0
Brunei Darussalam,2001,44487.0
Brunei Darussalam,2000,45428.0
Brunei Darussalam,1999,45827.0
Bulgaria,2014,258840.0
Bulgaria,2013,253675.0
Bulgaria,2012,252372.0
Bulgaria,2011,255086.0
Bulgaria,2010,260340.0
Bulgaria,2009,261007.0
Bulgaria,2008,262701.0
Bulgaria,2007,267584.0
Bulgaria,2006,273045.0
Bulgaria,2005,290017.0
Bulgaria,2004,314221.0
Bulgaria,2003,333016.0
Bulgaria,2002,349616.0
Bulgaria,2001,374361.0
Bulgaria,2000,392876.0
Bulgaria,1999,411726.0
Burkina Faso,2014,2594024.0
Burkina Faso,2013,2466379.0
Burkina Faso,2012,2344031.0
Burkina Faso,2011,2205295.0
Burkina Faso,2010,2047630.0
Burkina Faso,2009,1906279.0
Burkina Faso,2008,1742439.0
Burkina Faso,2007,1561258.0
Burkina Faso,2006,1390571.0
Burkina Faso,2005,1270837.0
Burkina Faso,2004,1139512.0
Burkina Faso,2003,1012150.0
Burkina Faso,2002,938238.0
Burkina Faso,2001,901291.0
Burkina Faso,2000,852160.0
Burkina Faso,1999,816393.0
Burundi,2014,2046794.0
Burundi,2013,2009800.0
Burundi,2012,1980846.0
Burundi,2011,1946371.0
Burundi,2010,1849861.0
Burundi,2009,1739450.0
Burundi,2008,1603116.0
Burundi,2007,1490844.0
Burundi,2006,1324937.0
Burundi,2005,1036859.0
Burundi,2004,968488.0
Burundi,2003,894859.0
Burundi,2002,817171.0
Burundi,2001,750699.0
Burundi,2000,704785.0
Burundi,1999,670882.0
Cambodia,2014,2128685.0
Cambodia,2013,2224955.0
Cambodia,2012,2194716.0
Cambodia,2011,2224267.0
Cambodia,2010,2272527.0
Cambodia,2009,2289759.0
Cambodia,2008,2340606.0
Cambodia,2007,2479644.0
Cambodia,2006,2582250.0
Cambodia,2005,2695372.0
Cambodia,2004,2762882.0
Cambodia,2003,2772113.0
Cambodia,2002,2728698.0
Cambodia,2001,2431142.0
Cambodia,2000,2248109.0
Cambodia,1999,2127428.0
Cameroon,2014,4142775.0
Cameroon,2012,3848611.0
Cameroon,2011,3585173.0
Cameroon,2010,3510396.0
Cameroon,2009,3350662.0
Cameroon,2008,3201477.0
Cameroon,2007,3120357.0
Cameroon,2006,2998135.0
Cameroon,2005,2977781.0
Cameroon,2004,2979011.0
Cameroon,2003,2798523.0
Cameroon,2002,2741627.0
Cameroon,2001,2689052.0
Cameroon,2000,2237083.0
Cameroon,1999,2133707.0
Canada,2013,2206136.206763
Canada,2012,2182845.0
Canada,2011,2153778.0
Canada,2010,2168022.0
Canada,2009,2193237.0
Canada,2008,2200335.0
Canada,2007,2260819.0
Canada,2006,2305211.0
Canada,2005,2320738.0
Canada,2000,2456434.0
Canada,1999,2428620.0
Cape Verde,2014,67023.0
Cape Verde,2013,67745.0
Cape Verde,2012,67903.0
Cape Verde,2011,69115.0
Cape Verde,2010,71134.0
Cape Verde,2009,73548.0
Cape Verde,2008,76299.0
Cape Verde,2007,78801.0
Cape Verde,2006,81434.0
Cape Verde,2005,82985.0
Cape Verde,2004,85138.0
Cape Verde,2003,87843.0
Cape Verde,2002,89809.0
Cape Verde,2001,90640.0
Cape Verde,2000,91636.0
Cape Verde,1999,92523.0
Cayman Islands,2013,3950.0
Cayman Islands,2012,4033.0
Cayman Islands,2011,3985.0
Cayman Islands,2008,3736.0
Cayman Islands,2007,3706.0
Cayman Islands,2006,3461.0
Cayman Islands,2005,3240.0
Cayman Islands,2004,3361.0
Cayman Islands,2002,3579.0
Cayman Islands,2001,3549.0
Cayman Islands,2000,3435.0
Cayman Islands,1999,3231.0
Central African Republic,2012,662317.0
Central African Republic,2011,648370.0
Central African Republic,2010,636871.0
Central African Republic,2009,608075.0
Central African Republic,2008,584078.0
Central African Republic,2007,494985.0
Central African Republic,2006,418825.0
Central African Republic,2005,412381.0
Central African Republic,2004,363158.0
Central African Republic,2003,414537.0
Central African Republic,2002,410562.0
Central African Republic,2001,458585.0
Chad,2013,2330798.0
Chad,2012,2090758.0
Chad,2011,1928602.0
Chad,2010,1727030.0
Chad,2009,1671205.0
Chad,2008,1529711.0
Chad,2007,1324298.0
Chad,2006,1296486.0
Chad,2005,1262393.0
Chad,2004,1271985.0
Chad,2003,1164093.0
Chad,2002,1085247.0
Chad,2001,984224.0
Chad,2000,913547.0
Chad,1999,839932.0
Chile,2014,1469099.0
Chile,2013,1472348.0
Chile,2012,1503898.0
Chile,2011,1520405.0
Chile,2010,1546543.0
Chile,2009,1611682.0
Chile,2008,1656810.0
Chile,2007,1679017.0
Chile,2006,1694765.0
Chile,2005,1720951.0
Chile,2004,1755997.0
Chile,2003,1713538.0
Chile,2002,1753952.0
Chile,2000,1798515.0
Chile,1999,1804612.0
China,2014,95107117.0
China,2013,98870818.0
China,2012,99540477.0
China,2011,99707841.0
China,2010,101018623.0
China,2009,103617063.0
China,2008,105950505.0
China,2007,107394752.0
China,2006,108925227.0
China,2003,121662360.0
China,2002,125756891.0
China,2001,130132548.0
Colombia,2014,4542644.0
Colombia,2013,4708466.0
Colombia,2012,4742456.0
Colombia,2011,4924346.0
Colombia,2010,5084972.0
Colombia,2009,5299258.0
Colombia,2008,5285523.0
Colombia,2007,5292476.0
Colombia,2006,5296190.0
Colombia,2005,5298257.0
Colombia,2004,5259033.0
Colombia,2002,5193055.0
Colombia,2001,5131463.0
Colombia,2000,5221018.0
Colombia,1999,5162260.0
Comoros,2013,120186.0
Comoros,2011,116564.0
Comoros,2008,111115.0
Comoros,2007,104518.0
Comoros,2004,103809.0
Comoros,2003,104274.0
Comoros,2002,104274.0
Comoros,2000,93421.0
Comoros,1999,82789.0
Congo,2012,734493.0
Congo,2011,732002.0
Congo,2010,705093.0
Congo,2009,671683.0
Congo,2008,628081.0
Congo,2007,621702.0
Congo,2006,617010.0
Congo,2005,597304.0
Congo,2004,584370.0
Congo,2003,509507.0
Congo,2002,525093.0
Congo,2001,500921.0
Congo,2000,418707.0
Congo,1999,276451.0
Cook Islands,2014,1843.0
Cook Islands,2013,1793.0
Cook Islands,2012,1874.0
Cook Islands,2011,1861.0
Cook Islands,2010,1841.0
Cook Islands,2009,1939.0
Cook Islands,2008,2016.0
Cook Islands,2007,2031.0
Cook Islands,2005,2201.0
Cook Islands,2003,2254.0
Cook Islands,2002,2388.0
Cook Islands,2001,2402.0
Cook Islands,2000,2379.0
Cook Islands,1999,2594.0
Costa Rica,2014,475731.0
Costa Rica,2013,480125.0
Costa Rica,2012,494720.0
Costa Rica,2011,506961.0
Costa Rica,2010,520609.0
Costa Rica,2009,531665.0
Costa Rica,2008,534816.0
Costa Rica,2007,536436.0
Costa Rica,2006,546542.0
Costa Rica,2005,542087.0
Costa Rica,2004,558084.0
Costa Rica,2002,545509.0
Costa Rica,2001,552302.0
Costa Rica,2000,551465.0
Costa Rica,1999,569513.0
Côte d'Ivoire,2014,3176874.0
Côte d'Ivoire,2013,3021417.0
Côte d'Ivoire,2012,2920791.0
Côte d'Ivoire,2011,2757613.0
Côte d'Ivoire,2009,2383359.0
Côte d'Ivoire,2008,2356240.0
Côte d'Ivoire,2007,2179801.0
Côte d'Ivoire,2006,2111975.0
Côte d'Ivoire,2003,2046165.0
Côte d'Ivoire,2002,2116223.0
Côte d'Ivoire,2001,2046861.0
Côte d'Ivoire,2000,1943101.0
Côte d'Ivoire,1999,1910820.0
Croatia,2014,160819.0
Croatia,2012,159945.0
Croatia,2011,162186.0
Croatia,2010,167452.0
Croatia,2009,174192.0
Croatia,2008,182296.0
Croatia,2007,190693.0
Croatia,2006,194748.0
Croatia,2005,196253.0
Croatia,2003,192004.0
Croatia,2002,193179.0
Croatia,2001,195638.0
Croatia,2000,199084.0
Croatia,1999,202999.0
Cuba,2014,763364.0
Cuba,2013,772023.0
Cuba,2012,803194.0
Cuba,2011,828293.0
Cuba,2010,852744.0
Cuba,2009,868477.0
Cuba,2008,871444.0
Cuba,2007,883132.0
Cuba,2006,889834.0
Cuba,2005,895045.0
Cuba,2004,906293.0
Cuba,2003,925335.0
Cuba,2002,971542.0
Cuba,2001,1006888.0
Cuba,2000,1045578.0
Cuba,1999,1074097.0
Cyprus,2014,53129.0
Cyprus,2013,54069.0
Cyprus,2012,54272.0
Cyprus,2011,54371.0
Cyprus,2010,54806.0
Cyprus,2009,55837.0
Cyprus,2008,56799.0
Cyprus,2007,57785.0
Cyprus,2006,59710.0
Cyprus,2005,61247.0
Cyprus,2004,61731.0
Cyprus,2003,62868.0
Cyprus,2002,63717.0
Cyprus,2001,63637.0
Cyprus,2000,63952.0
Cyprus,1999,64248.0
Czech Republic,2014,510613.0
Czech Republic,2013,491828.0
Czech Republic,2012,477413.0
Czech Republic,2011,468273.0
Czech Republic,2010,463357.0
Czech Republic,2009,460486.0
Czech Republic,2008,459899.0
Czech Republic,2007,462820.0
Czech Republic,2006,473269.0
Czech Republic,2005,502831.0
Czech Republic,2004,534366.0
Czech Republic,2003,566581.0
Czech Republic,2002,603843.0
Czech Republic,2001,630680.0
Czech Republic,2000,644956.0
Czech Republic,1999,654511.0
Democratic People's Republic of Korea,2009,1546554.0
Democratic Republic of the Congo,2014,13534625.0
Democratic Republic of the Congo,2013,12600876.0
Democratic Republic of the Congo,2012,12004804.0
Democratic Republic of the Congo,2011,11082501.0
Democratic Republic of the Congo,2010,10572422.0
Democratic Republic of the Congo,2009,10244086.0
Democratic Republic of the Congo,2008,9973365.0
Democratic Republic of the Congo,2007,8839888.0
Democratic Republic of the Congo,2002,5455391.0
Democratic Republic of the Congo,1999,4022411.0
Denmark,2014,467484.0
Denmark,2013,469568.0
Denmark,2012,470711.0
Denmark,2011,470807.0
Denmark,2010,403344.0
Denmark,2009,406622.0
Denmark,2008,410400.0
Denmark,2007,415793.0
Denmark,2006,415793.0
Denmark,2005,414103.0
Denmark,2004,419806.0
Denmark,2002,415205.0
Denmark,2001,395870.0
Denmark,2000,384197.0
Denmark,1999,371694.0
Djibouti,2015,62940.0
Djibouti,2014,64319.0
Djibouti,2013,63368.0
Djibouti,2012,63612.0
Djibouti,2011,60992.0
Djibouti,2009,55546.0
Djibouti,2008,56395.0
Djibouti,2007,56667.0
Djibouti,2006,53745.0
Djibouti,2005,50651.0
Djibouti,2004,48713.0
Djibouti,2002,44321.0
Djibouti,2001,42392.0
Djibouti,2000,38191.0
Djibouti,1999,38194.0
Dominica,2014,7695.0
Dominica,2013,7851.0
Dominica,2012,8144.0
Dominica,2011,8138.0
Dominica,2010,8138.0
Dominica,2009,8231.0
Dominica,2008,8369.0
Dominica,2007,8643.0
Dominica,2006,8912.0
Dominica,2005,9441.0
Dominica,2004,9872.0
Dominica,2003,10460.0
Dominica,2002,10984.0
Dominica,2001,11430.0
Dominica,2000,11774.0
Dominica,1999,12044.0
Dominican Republic,2014,1267930.0
Dominican Republic,2013,1291154.0
Dominican Republic,2012,1283515.0
Dominican Republic,2011,1310199.0
Dominican Republic,2010,1317802.0
Dominican Republic,2009,1333468.0
Dominican Republic,2008,1305661.0
Dominican Republic,2007,1355085.0
Dominican Republic,2006,1234451.0
Dominican Republic,2005,1289745.0
Dominican Republic,2004,1281885.0
Dominican Republic,2003,1374624.0
Dominican Republic,2002,1399844.0
Dominican Republic,2000,1363609.0
Dominican Republic,1999,1315342.0
Ecuador,2014,2067545.0
Ecuador,2013,2102659.0
Ecuador,2012,2117875.0
Ecuador,2011,2121420.0
Ecuador,2010,2095003.0
Ecuador,2009,2008015.0
Ecuador,2007,2039168.0
Ecuador,2006,2006430.0
Ecuador,2005,1997624.0
Ecuador,2004,1989665.0
Ecuador,2003,1987465.0
Ecuador,2002,1982636.0
Ecuador,2001,1955060.0
Ecuador,2000,1925420.0
Ecuador,1999,1899466.0
Egypt,2014,11128030.0
Egypt,2013,11102706.0
Egypt,2012,10945595.0
Egypt,2011,10266010.0
Egypt,2010,10540034.0
Egypt,2009,10407187.0
Egypt,2007,9988181.0
Egypt,2006,9794591.0
Egypt,2005,9563627.0
Egypt,2004,7928380.0
Egypt,2003,7874308.0
Egypt,2002,7855433.0
Egypt,2001,7856340.0
Egypt,2000,7947488.0
Egypt,1999,8086230.0
El Salvador,2014,777043.0
El Salvador,2013,817275.0
El Salvador,2012,858864.0
El Salvador,2011,900681.0
El Salvador,2010,939726.0
El Salvador,2009,963524.0
El Salvador,2008,993795.0
El Salvador,2007,1075041.0
El Salvador,2006,1035100.0
El Salvador,2005,1045484.0
El Salvador,2004,1045485.0
El Salvador,2003,1016098.0
El Salvador,2002,987676.0
El Salvador,2001,967748.0
El Salvador,2000,949077.0
El Salvador,1999,939877.0
Equatorial Guinea,2012,92029.0
Equatorial Guinea,2011,86821.0
Equatorial Guinea,2010,85061.0
Equatorial Guinea,2009,82417.0
Equatorial Guinea,2008,81099.0
Equatorial Guinea,2005,75809.0
Equatorial Guinea,2003,73771.0
Equatorial Guinea,2002,78390.0
Equatorial Guinea,2001,78477.0
Equatorial Guinea,2000,73377.0
Equatorial Guinea,1999,74940.0
Eritrea,2013,349652.0
Eritrea,2012,334245.0
Eritrea,2011,311737.0
Eritrea,2010,286021.0
Eritrea,2009,300129.0
Eritrea,2008,314034.0
Eritrea,2007,331855.0
Eritrea,2006,364263.0
Eritrea,2005,377512.0
Eritrea,2004,374997.0
Eritrea,2003,359299.0
Eritrea,2002,330278.0
Eritrea,2001,298691.0
Eritrea,2000,295941.0
Eritrea,1999,261963.0
Estonia,2013,75644.0
Estonia,2012,74249.0
Estonia,2011,73054.0
Estonia,2010,72955.0
Estonia,2009,73563.0
Estonia,2008,74629.0
Estonia,2007,76026.0
Estonia,2006,79589.0
Estonia,2005,85539.0
Estonia,2004,92098.0
Estonia,2003,100171.0
Estonia,2002,108637.0
Estonia,2001,117289.0
Estonia,2000,123406.0
Estonia,1999,126671.0
Ethiopia,2014,15733276.0
Ethiopia,2012,14532477.0
Ethiopia,2011,14297969.0
Ethiopia,2010,13635289.0
Ethiopia,2009,13570558.0
Ethiopia,2008,13379059.0
Ethiopia,2007,12174719.0
Ethiopia,2006,10971581.0
Ethiopia,2005,10019729.0
Ethiopia,2004,8269663.0
Ethiopia,2003,7623074.0
Ethiopia,2002,7213043.0
Ethiopia,2001,6650841.0
Ethiopia,2000,5847259.0
Ethiopia,1999,5167582.0
Fiji,2013,105037.0
Fiji,2012,102778.0
Fiji,2011,101384.0
Fiji,2009,100967.0
Fiji,2008,102543.0
Fiji,2007,103641.0
Fiji,2006,109702.0
Fiji,2004,113449.0
Fiji,2003,113432.0
Fiji,2002,114267.0
Fiji,2001,115312.0
Fiji,2000,114710.0
Fiji,1999,115945.0
Finland,2014,351766.0
Finland,2013,348432.0
Finland,2012,347245.0
Finland,2011,345615.0
Finland,2010,347060.0
Finland,2009,351095.0
Finland,2008,357403.0
Finland,2007,364902.0
Finland,2006,372128.0
Finland,2005,381785.0
Finland,2004,387934.0
Finland,2003,392741.0
Finland,2002,393267.0
Finland,2001,392150.0
Finland,2000,388063.0
Finland,1999,382746.0
France,2014,4188552.0
France,2013,4171003.0
France,2012,4155596.0
France,2011,4171826.0
France,2010,4159086.0
France,2009,4152622.0
France,2008,4139284.0
France,2007,4105628.0
France,2006,4051861.0
France,2005,4015490.0
France,2004,3783197.0
France,2003,3791555.0
France,2002,3807739.0
France,2001,3837902.0
France,2000,3884560.0
France,1999,3944227.0
Gabon,2011,317946.0
Gabon,2003,279816.0
Gabon,2002,281871.0
Gabon,2001,265714.0
Gabon,1999,265244.0
Gambia,2014,274939.0
Gambia,2013,255957.0
Gambia,2012,244033.0
Gambia,2011,228495.0
Gambia,2010,229013.0
Gambia,2008,220931.0
Gambia,2007,218638.0
Gambia,2006,207474.0
Gambia,2005,205347.0
Gambia,2004,204731.0
Gambia,2003,196426.0
Gambia,2002,182562.0
Gambia,2001,181835.0
Gambia,2000,174626.0
Gambia,1999,170371.0
Georgia,2014,285329.0
Georgia,2013,287343.0
Georgia,2012,287245.0
Georgia,2011,285539.0
Georgia,2010,289137.0
Georgia,2009,298935.0
Georgia,2008,311265.0
Georgia,2007,322249.0
Georgia,2006,326597.0
Georgia,2005,338222.0
Georgia,2004,363951.0
Georgia,2003,239298.0
Georgia,2002,255029.0
Georgia,2001,277119.0
Georgia,2000,298352.0
Georgia,1999,302488.0
Germany,2014,2862690.0
Germany,2013,2890468.0
Germany,2012,2936751.0
Germany,2011,2989678.0
Germany,2010,3067521.0
Germany,2009,3150822.0
Germany,2008,3236158.0
Germany,2007,3311285.0
Germany,2006,3329349.0
Germany,2005,3306136.0
Germany,2004,3305386.0
Germany,2003,3303737.0
Germany,2002,3373176.0
Germany,2001,3519051.0
Germany,2000,3655859.0
Germany,1999,3767460.0
Ghana,2015,4342315.0
Ghana,2014,4117152.0
Ghana,2013,4105913.0
Ghana,2012,4062026.0
Ghana,2011,3860381.0
Ghana,2009,3659116.0
Ghana,2008,3625178.0
Ghana,2007,3367157.0
Ghana,2006,3130575.0
Ghana,2005,2929536.0
Ghana,2004,2678912.0
Ghana,2003,2519272.0
Ghana,2002,2586434.0
Ghana,2001,2477990.0
Ghana,2000,2560886.0
Ghana,1999,2377444.0
Gibraltar,2009,3255.0
Gibraltar,2008,3211.0
Gibraltar,2001,2377.0
Gibraltar,2000,2366.0
Gibraltar,1999,2607.0
Greece,2013,633534.0
Greece,2012,636713.0
Greece,2011,637020.0
Greece,2010,642639.0
Greece,2007,639083.0
Greece,2006,645324.0
Greece,2005,650242.0
Greece,2004,657492.0
Greece,2003,652052.0
Greece,2002,646343.0
Greece,2001,636460.0
Greece,2000,645313.0
Greece,1999,645534.0
Grenada,2014,13061.0
Grenada,2013,12948.0
Grenada,2010,13664.0
Grenada,2009,14186.0
Grenada,2008,13873.0
Grenada,2007,13733.0
Grenada,2005,14564.0
Grenada,2004,15819.0
Grenada,2003,16598.0
Grenada,2002,17378.0
Grenada,2001,15974.0
Grenada,2000,16178.0
Grenada,1999,20017.0
Guatemala,2014,2417429.0
Guatemala,2013,2499076.0
Guatemala,2012,2556314.0
Guatemala,2011,2644683.0
Guatemala,2010,2653483.0
Guatemala,2009,2659776.0
Guatemala,2008,2500575.0
Guatemala,2007,2448976.0
Guatemala,2006,2405041.0
Guatemala,2005,2345301.0
Guatemala,2004,2280706.0
Guatemala,2002,2075694.0
Guatemala,2001,1971539.0
Guatemala,2000,1909389.0
Guatemala,1999,1823989.0
Guinea,2014,1729630.0
Guinea,2013,1666156.0
Guinea,2012,1599839.0
Guinea,2011,1536722.0
Guinea,2010,1453355.0
Guinea,2009,1389685.0
Guinea,2008,1364491.0
Guinea,2007,1317791.0
Guinea,2006,1258038.0
Guinea,2005,1206743.0
Guinea,2004,1147388.0
Guinea,2003,1073458.0
Guinea,2002,997645.0
Guinea,2001,853623.0
Guinea,2000,790497.0
Guinea,1999,726561.0
Guinea-Bissau,2010,278890.0
Guinea-Bissau,2006,269287.0
Guinea-Bissau,2005,252488.0
Guinea-Bissau,2004,232292.0
Guinea-Bissau,2001,181655.0
Guinea-Bissau,2000,150041.0
Guyana,2012,94488.0
Guyana,2011,98662.0
Guyana,2010,99241.0
Guyana,2009,100761.0
Guyana,2008,107456.0
Guyana,2007,109243.0
Guyana,2006,110503.0
Guyana,2005,116756.0
Guyana,2003,110828.0
Guyana,2001,109292.0
Guyana,2000,108909.0
Guyana,1999,107207.0
Holy See,2012,0.0
Holy See,2011,0.0
Holy See,2010,0.0
Holy See,2009,0.0
Holy See,2008,0.0
Holy See,2007,0.0
Holy See,2006,0.0
Holy See,2005,0.0
Holy See,2004,0.0
Holy See,2003,0.0
Holy See,2002,0.0
Holy See,2001,0.0
Holy See,2000,0.0
Holy See,1999,0.0
Honduras,2014,1150042.0
Honduras,2013,1179022.0
Honduras,2012,1216739.0
Honduras,2011,1259405.0
Honduras,2010,1274904.0
Honduras,2009,1265963.0
Honduras,2008,1276495.0
Honduras,2007,1251733.0
Honduras,2006,1293333.0
Honduras,2005,1231533.0
Honduras,2004,1257358.0
Honduras,2003,1255859.0
Honduras,2000,1094792.0
Honduras,1999,1080869.0
Hong Kong Special Administrative Region of China,2014,324171.0
Hong Kong Special Administrative Region of China,2013,320654.0
Hong Kong Special Administrative Region of China,2012,326208.0
Hong Kong Special Administrative Region of China,2011,334415.0
Hong Kong Special Administrative Region of China,2010,348549.0
Hong Kong Special Administrative Region of China,2009,369047.0
Hong Kong Special Administrative Region of China,2008,389937.0
Hong Kong Special Administrative Region of China,2007,414501.0
Hong Kong Special Administrative Region of China,2006,429892.0
Hong Kong Special Administrative Region of China,2005,451171.0
Hong Kong Special Administrative Region of China,2004,472863.0
Hong Kong Special Administrative Region of China,2003,487465.0
Hong Kong Special Administrative Region of China,2002,497376.0
Hong Kong Special Administrative Region of China,2001,498175.0
Hong Kong Special Administrative Region of China,2000,496801.0
Hong Kong Special Administrative Region of China,1999,480069.0
Hungary,2014,393020.0
Hungary,2013,385466.0
Hungary,2012,384834.0
Hungary,2011,386958.0
Hungary,2010,387969.0
Hungary,2009,389510.0
Hungary,2008,394246.0
Hungary,2007,399250.0
Hungary,2006,415858.0
Hungary,2005,430561.0
Hungary,2004,446610.0
Hungary,2003,464013.0
Hungary,2002,477865.0
Hungary,2001,489768.0
Hungary,2000,500946.0
Hungary,1999,503302.0
Iceland,2012,29387.0
Iceland,2011,29432.0
Iceland,2010,29568.0
Iceland,2009,29860.0
Iceland,2008,29945.0
Iceland,2007,30084.0
Iceland,2006,30421.0
Iceland,2005,30785.0
Iceland,2004,30984.0
Iceland,2003,31470.0
Iceland,2002,31465.0
Iceland,2001,31786.0
Iceland,2000,31282.0
Iceland,1999,30355.0
India,2013,141154752.0
India,2012,139869904.0
India,2011,137746817.0
India,2010,138413842.0
India,2009,138368129.0
India,2008,139317990.0
India,2007,137742645.0
India,2003,125568597.0
India,2002,115194579.0
India,2001,113826978.0
India,2000,113612541.0
India,1999,110985877.0
Indonesia,2014,29838440.0
Indonesia,2013,30109356.0
Indonesia,2012,30784378.0
Indonesia,2011,30662441.0
Indonesia,2010,30341821.0
Indonesia,2009,29901051.0
Indonesia,2008,29498266.0
Indonesia,2007,29796705.0
Indonesia,2006,28982708.0
Indonesia,2005,29149746.0
Indonesia,2004,29142093.0
Indonesia,2003,29050834.0
Indonesia,2002,28926377.0
Indonesia,2001,28690131.0
Indonesia,2000,28508964.0
Indonesia,1999,29294927.0
"Iran, Islamic Republic of",2014,7441078.0
"Iran, Islamic Republic of",2013,7857540.0
"Iran, Islamic Republic of",2012,5746859.0
"Iran, Islamic Republic of",2011,5678434.0
"Iran, Islamic Republic of",2010,5629585.0
"Iran, Islamic Republic of",2009,5695590.0
"Iran, Islamic Republic of",2008,5725620.0
"Iran, Islamic Republic of",2007,5827851.0
"Iran, Islamic Republic of",2006,6006553.0
"Iran, Islamic Republic of",2005,6206718.0
"Iran, Islamic Republic of",2004,6647917.0
"Iran, Islamic Republic of",2003,7028924.0
"Iran, Islamic Republic of",2002,7513015.0
"Iran, Islamic Republic of",2001,7968437.0
"Iran, Islamic Republic of",2000,8287537.0
"Iran, Islamic Republic of",1999,8667147.0
Iraq,2007,4864350.0
Iraq,2004,4334609.0
Iraq,2003,4280602.0
Iraq,2000,3639362.0
Iraq,1999,3603864.0
Ireland,2013,527768.0
Ireland,2012,518223.0
Ireland,2011,511466.0
Ireland,2010,506400.0
Ireland,2009,498838.0
Ireland,2008,486921.0
Ireland,2007,475836.0
Ireland,2006,461588.0
Ireland,2005,454060.0
Ireland,2004,450413.0
Ireland,2003,447618.0
Ireland,2002,445947.0
Ireland,2001,443617.0
Ireland,2000,449638.0
Ireland,1999,456564.0
Israel,2014,861699.0
Israel,2013,848721.0
Israel,2012,842079.0
Israel,2011,821481.0
Israel,2010,807424.0
Israel,2009,786094.0
Israel,2008,769328.0
Israel,2007,757809.0
Israel,2006,736255.0
Israel,2005,721999.0
Israel,2004,714410.0
Israel,2003,702128.0
Israel,2002,693567.0
Israel,2001,684986.0
Israel,2000,676676.0
Israel,1999,662329.0
Italy,2013,2860957.0
Italy,2012,2818734.0
Italy,2011,2827564.0
Italy,2010,2822146.0
Italy,2009,2819193.0
Italy,2008,2830056.0
Italy,2007,2820150.0
Italy,2006,2790254.0
Italy,2005,2771247.0
Italy,2004,2768386.0
Italy,2003,2778877.0
Italy,2002,2789880.0
Italy,2001,2810337.0
Italy,2000,2836333.0
Italy,1999,2875852.0
Jamaica,2014,266201.0
Jamaica,2013,273231.0
Jamaica,2012,283628.0
Jamaica,2011,289612.0
Jamaica,2010,294285.0
Jamaica,2009,312262.0
Jamaica,2008,315129.0
Jamaica,2007,310021.0
Jamaica,2005,326411.0
Jamaica,2004,331286.0
Jamaica,2003,325302.0
Jamaica,2002,329762.0
Jamaica,2001,328496.0
Jamaica,2000,326847.0
Jamaica,1999,319690.0
Japan,2013,6801716.0
Japan,2012,6923951.0
Japan,2011,7029265.0
Japan,2010,7098862.0
Japan,2009,7156039.0
Japan,2008,7166285.0
Japan,2007,7220111.0
Japan,2006,7229135.0
Japan,2005,7231854.0
Japan,2004,7257223.0
Japan,2003,7268928.0
Japan,2002,7325866.0
Japan,2001,7394582.0
Japan,2000,7528907.0
Japan,1999,7691872.0
Jordan,2012,849390.0
Jordan,2011,834958.0
Jordan,2010,819601.0
Jordan,2008,817160.0
Jordan,2007,807702.0
Jordan,2006,805457.0
Jordan,2005,804904.0
Jordan,2004,799888.0
Jordan,2003,786154.0
Jordan,2002,766093.0
Jordan,2000,723508.0
Jordan,1999,706198.0
Kazakhstan,2015,1196027.0
Kazakhstan,2014,1122282.0
Kazakhstan,2013,1056916.0
Kazakhstan,2012,1008459.0
Kazakhstan,2011,985599.0
Kazakhstan,2010,957919.0
Kazakhstan,2009,950976.0
Kazakhstan,2008,956019.0
Kazakhstan,2007,947807.0
Kazakhstan,2006,972931.0
Kazakhstan,2005,1023974.0
Kazakhstan,2004,1079598.0
Kazakhstan,2003,1120005.0
Kazakhstan,2002,1158299.0
Kazakhstan,2001,1190069.0
Kazakhstan,2000,1208320.0
Kazakhstan,1999,1248900.0
Kenya,2014,7857538.0
Kenya,2012,8053125.0
Kenya,2009,7150259.0
Kenya,2008,6868810.0
Kenya,2007,6687510.0
Kenya,2006,6101390.0
Kenya,2005,6075706.0
Kenya,2004,5926078.0
Kenya,2003,5811381.0
Kenya,2002,4903529.0
Kenya,2001,5148371.0
Kenya,2000,5034858.0
Kenya,1999,4782375.0
Kiribati,2014,16192.0
Kiribati,2009,15566.0
Kiribati,2008,16123.0
Kiribati,2007,15764.0
Kiribati,2006,16087.0
Kiribati,2005,16133.0
Kiribati,2004,15611.0
Kiribati,2003,15798.0
Kiribati,2002,14809.0
Kiribati,2001,15693.0
Kiribati,2000,14566.0
Kiribati,1999,14328.0
Kuwait,2014,252585.0
Kuwait,2013,239231.0
Kuwait,2012,230280.0
Kuwait,2011,223688.0
Kuwait,2010,213733.0
Kuwait,2009,210665.0
Kuwait,2008,208608.0
Kuwait,2007,211576.0
Kuwait,2006,203423.0
Kuwait,2005,202826.0
Kuwait,2004,158271.0
Kuwait,2003,154056.0
Kuwait,2002,148712.0
Kuwait,2001,141419.0
Kuwait,2000,140182.0
Kuwait,1999,139691.0
Kyrgyzstan,2014,434642.0
Kyrgyzstan,2013,419064.0
Kyrgyzstan,2012,405318.0
Kyrgyzstan,2011,390963.0
Kyrgyzstan,2010,390711.0
Kyrgyzstan,2009,392485.0
Kyrgyzstan,2008,399833.0
Kyrgyzstan,2007,407669.0
Kyrgyzstan,2006,423930.0
Kyrgyzstan,2005,434155.0
Kyrgyzstan,2004,444417.0
Kyrgyzstan,2003,449399.0
Kyrgyzstan,2002,453357.0
Kyrgyzstan,2001,458660.0
Kyrgyzstan,2000,465596.0
Kyrgyzstan,1999,469779.0
Lao People's Democratic Republic,2014,870893.0
Lao People's Democratic Republic,2013,878283.0
Lao People's Democratic Republic,2012,883938.0
Lao People's Democratic Republic,2011,900123.0
Lao People's Democratic Republic,2010,916341.0
Lao People's Democratic Republic,2009,908880.0
Lao People's Democratic Republic,2008,900817.0
Lao People's Democratic Republic,2007,891807.0
Lao People's Democratic Republic,2006,891881.0
Lao People's Democratic Republic,2005,890821.0
Lao People's Democratic Republic,2004,884629.0
Lao People's Democratic Republic,2003,875300.0
Lao People's Democratic Republic,2002,852857.0
Lao People's Democratic Republic,2001,828113.0
Lao People's Democratic Republic,2000,831521.0
Lao People's Democratic Republic,1999,827664.0
Latvia,2014,114623.0
Latvia,2013,114091.0
Latvia,2012,113410.0
Latvia,2011,113668.0
Latvia,2010,113691.0
Latvia,2009,114236.0
Latvia,2008,117129.0
Latvia,2007,121345.0
Latvia,2006,78796.0
Latvia,2005,84369.0
Latvia,2004,92453.0
Latvia,2003,103359.0
Latvia,2002,113923.0
Latvia,2001,125634.0
Latvia,2000,134919.0
Latvia,1999,141408.0
Lebanon,2013,471626.0
Lebanon,2012,456206.0
Lebanon,2011,456985.0
Lebanon,2010,461719.0
Lebanon,2009,464442.0
Lebanon,2008,467311.0
Lebanon,2007,473134.0
Lebanon,2006,470987.0
Lebanon,2005,475798.0
Lebanon,2004,476446.0
Lebanon,2003,471777.0
Lebanon,2002,474396.0
Lebanon,2001,476489.0
Lebanon,2000,404169.0
Lebanon,1999,413753.0
Lesotho,2014,366048.0
Lesotho,2013,369469.0
Lesotho,2012,381690.0
Lesotho,2011,385437.0
Lesotho,2010,388681.0
Lesotho,2009,389424.0
Lesotho,2008,396041.0
Lesotho,2007,400934.0
Lesotho,2006,424855.0
Lesotho,2005,422278.0
Lesotho,2004,427009.0
Lesotho,2003,429720.0
Lesotho,2002,418668.0
Lesotho,2001,415007.0
Lesotho,2000,410745.0
Lesotho,1999,364951.0
Liberia,2014,683977.0
Liberia,2011,674534.0
Liberia,2009,605236.0
Liberia,2008,539887.0
Liberia,2006,488438.0
Liberia,2000,496253.0
Liberia,1999,395611.0
Libyan Arab Jamahiriya,2006,755338.0
Libyan Arab Jamahiriya,2005,713902.0
Libyan Arab Jamahiriya,2004,745428.0
Libyan Arab Jamahiriya,2003,739028.0
Libyan Arab Jamahiriya,2002,750204.0
Libyan Arab Jamahiriya,2001,766087.0
Liechtenstein,2014,1929.0
Liechtenstein,2012,1980.0
Liechtenstein,2011,2014.0
Liechtenstein,2010,2067.0
Liechtenstein,2009,2133.0
Liechtenstein,2008,2158.0
Liechtenstein,2007,2244.0
Liechtenstein,2006,2247.0
Liechtenstein,2005,2242.0
Liechtenstein,2004,2266.0
Liechtenstein,2003,2218.0
Lithuania,2014,108115.0
Lithuania,2013,109028.0
Lithuania,2012,111389.0
Lithuania,2011,115581.0
Lithuania,2010,122458.0
Lithuania,2009,129496.0
Lithuania,2008,135719.0
Lithuania,2007,143814.0
Lithuania,2006,150422.0
Lithuania,2005,158105.0
Lithuania,2004,170216.0
Lithuania,2003,183542.0
Lithuania,2002,197463.0
Lithuania,2001,211650.0
Lithuania,2000,218181.0
Lithuania,1999,219661.0
Luxembourg,2013,35250.0
Luxembourg,2012,35397.0
Luxembourg,2011,35099.0
Luxembourg,2010,35187.0
Luxembourg,2008,35630.0
Luxembourg,2007,35668.0
Luxembourg,2006,35431.0
Luxembourg,2005,35016.0
Luxembourg,2004,34603.0
Luxembourg,2003,34081.0
Luxembourg,2002,33966.0
Luxembourg,2001,33266.0
Luxembourg,2000,32458.0
Luxembourg,1999,31492.0
Macao Special Administrative Region of China,2014,22862.0
Macao Special Administrative Region of China,2013,22231.0
Macao Special Administrative Region of China,2012,22646.0
Macao Special Administrative Region of China,2011,23785.0
Macao Special Administrative Region of China,2010,25326.0
Macao Special Administrative Region of China,2009,27483.0
Macao Special Administrative Region of China,2008,30487.0
Macao Special Administrative Region of China,2007,32932.0
Macao Special Administrative Region of China,2006,34739.0
Macao Special Administrative Region of China,2005,37401.0
Macao Special Administrative Region of China,2004,39872.0
Macao Special Administrative Region of China,2003,41917.0
Macao Special Administrative Region of China,2002,44368.0
Macao Special Administrative Region of China,2001,45663.0
Macao Special Administrative Region of China,2000,47262.0
Macao Special Administrative Region of China,1999,46893.0
Madagascar,2014,4610722.0
Madagascar,2013,4483030.0
Madagascar,2012,4402722.0
Madagascar,2011,4305068.0
Madagascar,2010,4241916.0
Madagascar,2009,4323981.0
Madagascar,2008,4020322.0
Madagascar,2007,3837343.0
Madagascar,2006,3698906.0
Madagascar,2005,3597731.0
Madagascar,2004,3366470.0
Madagascar,2003,2856480.0
Madagascar,2002,2407644.0
Madagascar,2001,2307500.0
Madagascar,2000,2208321.0
Madagascar,1999,2012416.0
Malawi,2014,4096614.0
Malawi,2013,3951611.0
Malawi,2012,3687625.0
Malawi,2011,3564199.0
Malawi,2010,3417404.0
Malawi,2009,3250111.0
Malawi,2008,3197928.0
Malawi,2007,2943248.0
Malawi,2006,2933557.0
Malawi,2005,2868038.0
Malawi,2004,2841640.0
Malawi,2002,2846589.0
Malawi,2001,2845836.0
Malawi,2000,2694645.0
Malawi,1999,2581698.0
Malaysia,2014,3178364.0
Malaysia,2013,3245882.0
Malaysia,2012,3241803.0
Malaysia,2011,3237724.0
Malaysia,2010,3233645.0
Malaysia,2009,3229566.0
Malaysia,2008,3225487.0
Malaysia,2007,3221408.0
Malaysia,2006,3217329.0
Malaysia,2005,3202008.0
Malaysia,2004,3159376.0
Malaysia,2003,3056266.0
Malaysia,2002,3009009.0
Malaysia,2001,3033019.0
Malaysia,2000,3025977.0
Malaysia,1999,2911773.0
Maldives,2014,39570.0
Maldives,2013,38183.0
Maldives,2012,38849.0
Maldives,2011,40201.0
Maldives,2010,42146.0
Maldives,2009,44675.0
Maldives,2008,47082.0
Maldives,2007,50270.0
Maldives,2006,54770.0
Maldives,2005,57873.0
Maldives,2004,63300.0
Maldives,2003,66169.0
Maldives,2002,68242.0
Maldives,2001,71054.0
Maldives,2000,73522.0
Maldives,1999,74050.0
Mali,2014,2181617.0
Mali,2013,2068714.0
Mali,2012,2113857.0
Mali,2011,2114844.0
Mali,2010,2018551.0
Mali,2009,1926242.0
Mali,2008,1823037.0
Mali,2007,1716956.0
Mali,2006,1609979.0
Mali,2005,1505903.0
Mali,2004,1396791.0
Mali,2003,1294672.0
Mali,2002,1227267.0
Mali,2001,1127360.0
Mali,2000,1016575.0
Mali,1999,958935.0
Malta,2014,24072.0
Malta,2013,23655.0
Malta,2012,23567.0
Malta,2011,24075.0
Malta,2010,24985.0
Malta,2009,24674.0
Malta,2008,26772.0
Malta,2007,27805.0
Malta,2006,28922.0
Malta,2005,29596.0
Malta,2004,31064.0
Malta,2003,31710.0
Malta,2002,32717.0
Malta,2001,33530.0
Malta,2000,34261.0
Malta,1999,34914.0
Marshall Islands,2011,8546.0
Marshall Islands,2009,8398.0
Marshall Islands,2008,8342.0
Marshall Islands,2007,8215.0
Marshall Islands,2006,8270.0
Marshall Islands,2005,8055.0
Marshall Islands,2004,8250.0
Marshall Islands,2003,7602.0
Marshall Islands,2002,8757.0
Marshall Islands,1999,8209.0
Mauritania,2014,592249.0
Mauritania,2013,568953.0
Mauritania,2012,553584.0
Mauritania,2011,535976.0
Mauritania,2010,531383.0
Mauritania,2009,512998.0
Mauritania,2008,473688.0
Mauritania,2007,483776.0
Mauritania,2006,465970.0
Mauritania,2005,443615.0
Mauritania,2004,434181.0
Mauritania,2003,394401.0
Mauritania,2002,375695.0
Mauritania,2001,360677.0
Mauritania,2000,355822.0
Mauritania,1999,346222.0
Mauritius,2014,105447.0
Mauritius,2013,109097.0
Mauritius,2012,113634.0
Mauritius,2011,116067.0
Mauritius,2010,117432.0
Mauritius,2009,117922.0
Mauritius,2008,119022.0
Mauritius,2007,119310.0
Mauritius,2006,121387.0
Mauritius,2005,123562.0
Mauritius,2004,126226.0
Mauritius,2003,129616.0
Mauritius,2002,132432.0
Mauritius,2001,134085.0
Mauritius,2000,135237.0
Mauritius,1999,133489.0
Mexico,2014,14627368.0
Mexico,2013,14837204.0
Mexico,2012,14956982.0
Mexico,2011,14934663.0
Mexico,2010,14906476.0
Mexico,2009,14861232.0
Mexico,2008,14699146.0
Mexico,2007,14631498.0
Mexico,2006,14595195.0
Mexico,2005,14700005.0
Mexico,2004,14781327.0
Mexico,2003,14857191.0
Mexico,2002,14843381.0
Mexico,2001,14792528.0
Mexico,2000,14765603.0
Mexico,1999,14697915.0
"Micronesia, Federated States of",2014,14307.0
"Micronesia, Federated States of",2007,18512.0
"Micronesia, Federated States of",2005,18793.0
"Micronesia, Federated States of",2004,19105.0
Moldova,2014,138420.0
Moldova,2013,138282.0
Moldova,2012,138095.0
Moldova,2011,138436.0
Moldova,2010,141197.0
Moldova,2009,145369.0
Moldova,2008,151736.0
Moldova,2007,160528.0
Moldova,2006,171024.0
Moldova,2005,184159.0
Moldova,2004,198911.0
Moldova,2003,212552.0
Moldova,2002,224495.0
Moldova,2001,235461.0
Moldova,2000,252193.0
Moldova,1999,262137.0
Monaco,2014,1752.0
Monaco,2013,1753.0
Monaco,2012,1766.0
Monaco,2011,1760.0
Monaco,2010,1820.0
Monaco,2009,1837.0
Monaco,2008,1852.0
Monaco,2004,1831.0
Monaco,2001,1985.0
Monaco,2000,2008.0
Monaco,1999,2022.0
Mongolia,2014,239289.0
Mongolia,2013,245387.0
Mongolia,2012,256584.0
Mongolia,2011,265639.0
Mongolia,2010,273966.0
Mongolia,2009,252604.0
Mongolia,2008,239663.0
Mongolia,2007,239262.0
Mongolia,2006,249622.0
Mongolia,2005,251205.0
Mongolia,2004,235730.0
Mongolia,2003,238676.0
Mongolia,2002,241258.0
Mongolia,2001,250436.0
Mongolia,2000,253441.0
Mongolia,1999,251476.0
Montenegro,2015,37485.0
Montenegro,2012,38362.0
Montenegro,2011,38898.0
Montenegro,2010,35264.0
Montenegro,2009,37269.0
Montenegro,2008,39580.0
Montenegro,2007,39123.0
Montenegro,2006,38740.0
Montenegro,2005,37812.0
Montenegro,2004,36793.0
Montenegro,2003,37009.0
Montserrat,2014,439.0
Montserrat,2009,485.0
Montserrat,2007,497.0
Montserrat,2006,508.0
Montserrat,2005,509.0
Montserrat,2004,468.0
Montserrat,2002,456.0
Montserrat,2001,413.0
Montserrat,2000,383.0
Montserrat,1999,392.0
Morocco,2014,4030142.0
Morocco,2013,4021052.0
Morocco,2012,4016934.0
Morocco,2011,4001313.0
Morocco,2010,3945201.0
Morocco,2009,3850994.0
Morocco,2008,3878640.0
Morocco,2007,3939177.0
Morocco,2006,3943830.0
Morocco,2005,4022600.0
Morocco,2004,4070182.0
Morocco,2003,4101157.0
Morocco,2002,4029112.0
Morocco,2001,3842000.0
Morocco,2000,3669605.0
Morocco,1999,3461940.0
Mozambique,2014,5669591.0
Mozambique,2013,5526494.0
Mozambique,2012,5359018.0
Mozambique,2011,5253670.0
Mozambique,2010,5277868.0
Mozambique,2009,5071878.0
Mozambique,2008,4899652.0
Mozambique,2007,4560905.0
Mozambique,2006,4165580.0
Mozambique,2005,3942829.0
Mozambique,2004,3569473.0
Mozambique,2002,3023321.0
Mozambique,2001,2829787.0
Mozambique,2000,2543820.0
Mozambique,1999,2302313.0
Myanmar,2014,5177276.0
Myanmar,2010,5125942.0
Myanmar,2009,5094623.0
Myanmar,2008,5109630.0
Myanmar,2007,5013582.0
Myanmar,2006,4969445.0
Myanmar,2005,4948198.0
Myanmar,2004,4932646.0
Myanmar,2003,4889325.0
Myanmar,2002,4778851.0
Myanmar,2001,4781543.0
Myanmar,2000,4857955.0
Myanmar,1999,4732947.0
Namibia,2013,425242.0
Namibia,2012,415454.0
Namibia,2010,406535.0
Namibia,2009,406920.0
Namibia,2008,407402.0
Namibia,2007,409508.0
Namibia,2006,402529.0
Namibia,2005,404198.0
Namibia,2004,403412.0
Namibia,2003,408912.0
Namibia,2002,404783.0
Namibia,2001,397459.0
Namibia,2000,389434.0
Namibia,1999,383267.0
Nauru,2014,1578.0
Nauru,2012,1304.0
Nauru,2008,1254.0
Nauru,2007,1235.0
Nauru,2006,1393.0
Nauru,2005,1812.0
Nauru,2004,1529.0
Nauru,2003,1375.0
Nauru,2002,1566.0
Nauru,2001,1618.0
Nauru,2000,1589.0
Nepal,2015,4335355.0
Nepal,2014,4401780.0
Nepal,2013,4576693.0
Nepal,2012,4782885.0
Nepal,2011,4951955.0
Nepal,2010,4900665.0
Nepal,2009,4782313.0
Nepal,2008,4418714.0
Nepal,2007,4515060.0
Nepal,2006,4502697.0
Nepal,2005,4030045.0
Nepal,2004,4025692.0
Nepal,2003,3928684.0
Nepal,2002,3853618.0
Nepal,2001,3623150.0
Nepal,2000,3780314.0
Nepal,1999,3587665.0
Netherlands,2014,1222867.0
Netherlands,2013,1254850.0
Netherlands,2012,1277199.0
Netherlands,2011,1291665.0
Netherlands,2010,1294015.0
Netherlands,2009,1290029.0
Netherlands,2008,1285543.0
Netherlands,2007,1280571.0
Netherlands,2006,1277478.0
Netherlands,2005,1277990.0
Netherlands,2004,1283014.0
Netherlands,2003,1290625.0
Netherlands,2002,1287069.0
Netherlands,2001,1282041.0
Netherlands,2000,1278581.0
Netherlands,1999,1268093.0
Netherlands Antilles,2002,22924.0
Netherlands Antilles,2001,23650.0
Netherlands Antilles,2000,24911.0
Netherlands Antilles,1999,25398.0
New Zealand,2014,360206.0
New Zealand,2013,353285.0
New Zealand,2012,347594.0
New Zealand,2011,347349.0
New Zealand,2010,348492.0
New Zealand,2009,347674.0
New Zealand,2008,348160.0
New Zealand,2007,349080.0
New Zealand,2006,350810.0
New Zealand,2005,352845.0
New Zealand,2004,353062.0
New Zealand,2003,356442.0
New Zealand,2002,354422.0
New Zealand,2001,355532.0
New Zealand,2000,359555.0
New Zealand,1999,360621.0
Nicaragua,2010,923745.0
Nicaragua,2008,944341.0
Nicaragua,2007,952964.0
Nicaragua,2006,966206.0
Nicaragua,2005,945089.0
Nicaragua,2004,941957.0
Nicaragua,2003,927217.0
Nicaragua,2002,923391.0
Nicaragua,2001,868070.0
Nicaragua,2000,838437.0
Nicaragua,1999,830206.0
Niger,2014,2277021.0
Niger,2013,2166268.0
Niger,2012,2050656.0
Niger,2011,1910166.0
Niger,2010,1726452.0
Niger,2009,1554102.0
Niger,2008,1389194.0
Niger,2007,1235065.0
Niger,2006,1126073.0
Niger,2005,1064056.0
Niger,2004,980033.0
Niger,2003,857592.0
Niger,2002,760987.0
Niger,2001,656589.0
Niger,2000,579486.0
Niger,1999,529806.0
Nigeria,2010,21558461.0
Nigeria,2009,20957642.0
Nigeria,2008,20008142.0
Nigeria,2007,21513996.0
Nigeria,2006,22861884.0
Nigeria,2005,22115432.0
Nigeria,2004,21395510.0
Nigeria,2002,19806082.0
Nigeria,2001,19041223.0
Nigeria,2000,19151442.0
Nigeria,1999,17907009.0
Niue,2014,202.0
Niue,2005,178.0
Niue,2004,184.0
Niue,2002,251.0
Niue,2001,234.0
Niue,2000,250.0
Niue,1999,268.0
Norway,2014,425917.0
Norway,2013,424993.0
Norway,2012,423351.0
Norway,2011,423333.0
Norway,2010,424052.0
Norway,2009,426769.0
Norway,2008,429585.0
Norway,2007,430747.0
Norway,2006,429680.0
Norway,2005,429652.0
Norway,2004,432345.0
Norway,2003,432618.0
Norway,2002,429445.0
Norway,2001,426475.0
Norway,2000,419805.0
Norway,1999,411878.0
Occupied Palestinian Territory,2014,442476.0
Occupied Palestinian Territory,2013,430409.0
Occupied Palestinian Territory,2012,424095.0
Occupied Palestinian Territory,2011,411368.0
Occupied Palestinian Territory,2010,402866.0
Occupied Palestinian Territory,2009,395205.0
Occupied Palestinian Territory,2008,390051.0
Occupied Palestinian Territory,2007,383559.0
Occupied Palestinian Territory,2006,381904.0
Occupied Palestinian Territory,2005,387138.0
Occupied Palestinian Territory,2004,388948.0
Occupied Palestinian Territory,2003,401372.0
Occupied Palestinian Territory,2002,402370.0
Occupied Palestinian Territory,2001,398978.0
Occupied Palestinian Territory,2000,388163.0
Occupied Palestinian Territory,1999,368321.0
Oman,2014,233306.0
Oman,2013,320324.0
Oman,2012,299471.0
Oman,2011,295581.0
Oman,2009,302037.0
Oman,2008,289717.0
Oman,2007,294927.0
Oman,2006,303345.0
Oman,2005,312121.0
Oman,2003,314064.0
Oman,2002,316633.0
Oman,2001,316889.0
Oman,2000,315976.0
Oman,1999,315557.0
Pakistan,2014,19431565.0
Pakistan,2013,18150234.0
Pakistan,2012,18119160.0
Pakistan,2011,18050718.0
Pakistan,2010,18756348.0
Pakistan,2009,18468097.0
Pakistan,2008,18175802.0
Pakistan,2007,17979191.0
Pakistan,2006,16687658.0
Pakistan,2005,17257948.0
Pakistan,2004,16207286.0
Pakistan,2003,15093960.0
Pakistan,2002,14489107.0
Pakistan,2001,14204954.0
Pakistan,2000,13987198.0
Palau,2014,1639.0
Palau,2013,1654.0
Palau,2007,1544.0
Palau,2006,1657.0
Palau,2005,1805.0
Palau,2004,1855.0
Palau,2003,1985.0
Palau,2000,1942.0
Palau,1999,1901.0
Panama,2013,435973.0
Panama,2012,437277.0
Panama,2011,439698.0
Panama,2010,439746.0
Panama,2009,440627.0
Panama,2008,445107.0
Panama,2007,446176.0
Panama,2006,436945.0
Panama,2005,430152.0
Panama,2004,429837.0
Panama,2002,419904.0
Panama,2001,408249.0
Panama,2000,400408.0
Panama,1999,393030.0
Papua New Guinea,2012,1426884.0
Papua New Guinea,2008,600557.0
Papua New Guinea,2006,532250.0
Papua New Guinea,2005,531759.0
Papua New Guinea,2004,508333.0
Papua New Guinea,2003,496616.0
Papua New Guinea,2002,514735.0
Papua New Guinea,2001,520846.0
Papua New Guinea,2000,559817.0
Paraguay,2012,838198.0
Paraguay,2011,820437.0
Paraguay,2010,839291.000000002
Paraguay,2009,852168.000000012
Paraguay,2008,872906.000000001
Paraguay,2007,894422.0
Paraguay,2006,914138.0
Paraguay,2005,933994.999999999
Paraguay,2004,930918.000000006
Paraguay,2003,935722.0
Paraguay,2002,962661.0
Paraguay,2001,966548.0
Paraguay,2000,966476.0
Paraguay,1999,951481.0
Peru,2014,3495614.0
Peru,2013,3545103.0
Peru,2012,3478689.0
Peru,2011,3671207.0
Peru,2010,3762681.0
Peru,2009,3787409.0
Peru,2008,3854764.0
Peru,2007,3993965.0
Peru,2006,4026316.0
Peru,2005,4077361.0
Peru,2004,4133386.0
Peru,2003,4200489.0
Peru,2002,4283046.0
Peru,2001,4317368.0
Peru,2000,4338080.0
Peru,1999,4349594.0
Philippines,2013,14460377.0
Philippines,2009,13686643.0
Philippines,2008,13411286.0
Philippines,2007,13145210.0
Philippines,2006,13006648.0
Philippines,2005,13083744.0
Philippines,2004,13017973.0
Philippines,2003,12970635.0
Philippines,2002,12826218.0
Philippines,2001,12759918.0
Philippines,2000,12707788.0
Philippines,1999,12502524.0
Poland,2013,2160861.0
Poland,2012,2187172.0
Poland,2011,2191659.0
Poland,2010,2234937.0
Poland,2009,2294369.0
Poland,2008,2375205.0
Poland,2007,2484820.0
Poland,2006,2602020.0
Poland,2005,2723661.0
Poland,2004,2855692.0
Poland,2003,2983070.0
Poland,2002,3105262.0
Poland,2001,3221253.0
Poland,2000,3318722.0
Poland,1999,3433762.0
Portugal,2014,674038.0
Portugal,2013,693045.0
Portugal,2012,703525.0
Portugal,2011,720740.0
Portugal,2010,733515.0
Portugal,2009,743662.0
Portugal,2008,754142.0
Portugal,2007,753646.0
Portugal,2006,750493.0
Portugal,2005,752739.0
Portugal,2004,758476.0
Portugal,2003,767872.0
Portugal,2002,769910.0
Portugal,2001,801545.0
Portugal,2000,810996.0
Portugal,1999,815231.0
Puerto Rico,2013,263734.0
Puerto Rico,2012,268460.0
Puerto Rico,2011,269885.0
Puerto Rico,2010,299746.0
Puerto Rico,2009,303833.0
Qatar,2014,117454.0
Qatar,2013,106801.0
Qatar,2012,101424.0
Qatar,2011,94985.0
Qatar,2010,88723.0
Qatar,2009,84645.0
Qatar,2008,78123.0
Qatar,2007,75451.0
Qatar,2006,70927.0
Qatar,2005,69991.0
Qatar,2004,65351.0
Qatar,2003,66473.0
Qatar,2002,64255.0
Qatar,2001,62465.0
Qatar,2000,61067.0
Qatar,1999,60989.0
Republic of Korea,2013,2791144.0
Republic of Korea,2012,2958873.0
Republic of Korea,2011,3139568.0
Republic of Korea,2010,3306192.0
Republic of Korea,2009,3481714.0
Republic of Korea,2008,3679629.0
Republic of Korea,2007,3837696.0
Republic of Korea,2006,3933186.0
Republic of Korea,2005,4031496.0
Republic of Korea,2004,4125423.0
Republic of Korea,2003,4185330.0
Republic of Korea,2002,4148432.0
Republic of Korea,2001,4099649.0
Republic of Korea,2000,4030413.0
Republic of Korea,1999,3945977.0
Romania,2012,807047.0
Romania,2011,825962.0
Romania,2010,842238.0
Romania,2009,855707.0
Romania,2008,865175.0
Romania,2007,917829.0
Romania,2006,938095.0
Romania,2005,970295.0
Romania,2004,1005533.0
Romania,2003,990807.0
Romania,2002,1028697.0
Romania,2001,1090172.0
Romania,2000,1189058.0
Romania,1999,1284507.0
Russian Federation,2014,5725528.0
Russian Federation,2013,5651730.0
Russian Federation,2012,5514819.0
Russian Federation,2011,5318323.0
Russian Federation,2009,5015307.0
Russian Federation,2008,4968710.0
Russian Federation,2007,5010284.0
Russian Federation,2006,5164735.0
Russian Federation,2005,5308605.0
Russian Federation,2003,5416925.0
Russian Federation,2002,5554607.0
Russian Federation,2001,5702348.0
Russian Federation,2000,6138300.0
Russian Federation,1999,6742624.0
Rwanda,2013,2402164.0
Rwanda,2012,2394674.0
Rwanda,2011,2341146.0
Rwanda,2010,2299326.0
Rwanda,2009,2264672.0
Rwanda,2008,2190270.0
Rwanda,2007,2150430.0
Rwanda,2006,2019991.0
Rwanda,2005,1857841.0
Rwanda,2004,1752588.0
Rwanda,2003,1636563.0
Rwanda,2002,1534510.0
Rwanda,2001,1475572.0
Rwanda,2000,1431657.0
Rwanda,1999,1288669.0
Saint Kitts and Nevis,2014,5533.0
Saint Kitts and Nevis,2013,5589.0
Saint Kitts and Nevis,2012,5812.0
Saint Kitts and Nevis,2011,5993.0
Saint Kitts and Nevis,2010,6255.0
Saint Kitts and Nevis,2009,6334.0
Saint Kitts and Nevis,2008,6474.0
Saint Kitts and Nevis,2007,6172.0
Saint Kitts and Nevis,2005,6350.0
Saint Kitts and Nevis,2004,6394.0
Saint Kitts and Nevis,2003,6401.0
Saint Kitts and Nevis,2002,6440.0
Saint Kitts and Nevis,2001,6717.0
Saint Kitts and Nevis,2000,6922.0
Saint Lucia,2014,17286.0
Saint Lucia,2013,17748.0
Saint Lucia,2012,18172.0
Saint Lucia,2011,18894.0
Saint Lucia,2010,19483.0
Saint Lucia,2009,20187.0
Saint Lucia,2008,20938.0
Saint Lucia,2007,22028.0
Saint Lucia,2006,24046.0
Saint Lucia,2005,23573.0
Saint Lucia,2004,23821.0
Saint Lucia,2003,24573.0
Saint Lucia,2002,24954.0
Saint Lucia,2001,25481.0
Saint Lucia,2000,25347.0
Saint Lucia,1999,25581.0
Saint Vincent and the Grenadines,2014,13427.0
Saint Vincent and the Grenadines,2013,13609.0
Saint Vincent and the Grenadines,2012,13811.0
Saint Vincent and the Grenadines,2011,13363.0
Saint Vincent and the Grenadines,2010,14435.0
Saint Vincent and the Grenadines,2009,14909.0
Saint Vincent and the Grenadines,2008,15532.0
Saint Vincent and the Grenadines,2007,15928.0
Saint Vincent and the Grenadines,2005,17858.0
Saint Vincent and the Grenadines,2004,17536.0
Saint Vincent and the Grenadines,2003,18629.0
Saint Vincent and the Grenadines,2002,18130.0
Saint Vincent and the Grenadines,2001,19052.0
Saint Vincent and the Grenadines,2000,19183.0
Saint Vincent and the Grenadines,1999,19838.0
Samoa,2014,31352.0
Samoa,2012,29869.0
Samoa,2011,29860.0
Samoa,2010,30871.0
Samoa,2009,29663.0
Samoa,2007,30193.0
Samoa,2006,30516.0
Samoa,2005,30964.0
Samoa,2004,31175.0
Samoa,2003,31059.0
Samoa,2002,30530.0
Samoa,2001,29203.0
Samoa,2000,28026.0
Samoa,1999,27297.0
San Marino,2012,1574.0
San Marino,2011,1563.0
San Marino,2010,1578.0
San Marino,2009,1568.0
San Marino,2008,1573.0
San Marino,2004,1445.0
San Marino,2000,1249.0
Sao Tome and Principe,2015,35558.0
Sao Tome and Principe,2014,34493.0
Sao Tome and Principe,2013,34733.0
Sao Tome and Principe,2012,33893.0
Sao Tome and Principe,2011,35250.0
Sao Tome and Principe,2010,34116.0
Sao Tome and Principe,2009,33789.0
Sao Tome and Principe,2008,32584.0
Sao Tome and Principe,2007,31397.0
Sao Tome and Principe,2005,30468.0
Sao Tome and Principe,2004,29784.0
Sao Tome and Principe,2003,29347.0
Sao Tome and Principe,2002,28780.0
Sao Tome and Principe,1999,23769.0
Saudi Arabia,2014,3737083.0
Saudi Arabia,2013,3635779.0
Saudi Arabia,2012,3436259.0
Saudi Arabia,2011,3347680.0
Saudi Arabia,2010,3321066.0
Saudi Arabia,2009,3255243.0
Saudi Arabia,2008,3211387.0
Saudi Arabia,2007,3173807.0
Saudi Arabia,2005,3097604.0
Senegal,2014,1888159.0
Senegal,2012,1783178.0
Senegal,2011,1725839.0
Senegal,2010,1695007.0
Senegal,2009,1652585.0
Senegal,2008,1618303.0
Senegal,2007,1572178.0
Senegal,2006,1473464.0
Senegal,2005,1444163.0
Senegal,2004,1382749.0
Senegal,2003,1287093.0
Senegal,2002,1197081.0
Senegal,2001,1159721.0
Senegal,2000,1107712.0
Senegal,1999,1034065.0
Serbia,2014,284754.0
Serbia,2013,288196.0
Serbia,2012,289403.0
Serbia,2011,288690.0
Serbia,2010,283161.0
Serbia,2009,282395.0
Serbia,2008,289785.0
Serbia,2007,297816.0
Serbia,2006,312514.0
Serbia,2005,324913.0
Serbia,2004,329234.0
Serbia,2003,332730.0
Serbia,2002,338950.0
Serbia,2001,344346.0
Serbia,2000,350819.0
Serbia,1999,379856.0
Seychelles,2014,8812.0
Seychelles,2013,8682.0
Seychelles,2012,8701.0
Seychelles,2011,8695.0
Seychelles,2010,8670.0
Seychelles,2009,8624.0
Seychelles,2008,8744.0
Seychelles,2007,8864.0
Seychelles,2005,9204.0
Seychelles,2004,8906.0
Seychelles,2003,9477.0
Seychelles,2002,9623.0
Seychelles,2001,9782.0
Seychelles,2000,10025.0
Seychelles,1999,9931.0
Sierra Leone,2013,1299812.0
Sierra Leone,2012,1252343.0
Sierra Leone,2011,1194503.0
Sierra Leone,2001,554308.0
Sierra Leone,2000,442915.0
Singapore,2009,294602.0
Singapore,2008,299704.0
Singapore,2007,301101.0
Slovakia,2014,213766.0
Slovakia,2013,211407.0
Slovakia,2012,209325.0
Slovakia,2011,209213.0
Slovakia,2010,212421.0
Slovakia,2009,217805.0
Slovakia,2008,224769.0
Slovakia,2007,230536.0
Slovakia,2006,235378.0
Slovakia,2005,242459.0
Slovakia,2004,254906.0
Slovakia,2003,270004.0
Slovakia,2002,284312.0
Slovakia,2001,300189.0
Slovakia,2000,309399.0
Slovakia,1999,316601.0
Slovenia,2014,111648.0
Slovenia,2013,109218.0
Slovenia,2012,107965.0
Slovenia,2011,106946.0
Slovenia,2010,106883.0
Slovenia,2009,107104.0
Slovenia,2008,107295.0
Slovenia,2007,107848.0
Slovenia,2006,93274.0
Slovenia,2005,93156.0
Slovenia,2004,93371.0
Slovenia,2003,87085.0
Slovenia,2002,86021.0
Slovenia,2001,86388.0
Slovenia,2000,86850.0
Slovenia,1999,91536.0
Solomon Islands,2014,101981.0
Solomon Islands,2013,100517.0
Solomon Islands,2012,97547.0
Solomon Islands,2011,98066.0
Solomon Islands,2010,95379.0
Solomon Islands,2007,83232.0
Solomon Islands,2006,80649.0
Solomon Islands,2005,75082.0
Solomon Islands,2002,66480.0
Solomon Islands,2000,57364.0
Solomon Islands,1999,58016.0
Somalia,2007,457132.0
South Africa,2014,7195183.0
South Africa,2013,7063849.0
South Africa,2012,7004482.0
South Africa,2011,6964756.0
South Africa,2010,7031809.0
South Africa,2009,7128500.0
South Africa,2008,7231660.0
South Africa,2007,7312258.0
South Africa,2006,7256518.0
South Africa,2005,7314449.0
South Africa,2004,7444142.0
South Africa,2003,7470476.0
South Africa,2002,7465728.0
South Africa,2001,7413415.0
South Africa,2000,7444802.0
South Africa,1999,7935221.0
South Sudan,2011,1450738.0
Spain,2014,2960626.0
Spain,2013,2934648.0
Spain,2012,2816584.0
Spain,2011,2772909.0
Spain,2010,2720989.0
Spain,2009,2684078.0
Spain,2008,2625414.0
Spain,2007,2555757.0
Spain,2006,2501205.0
Spain,2005,2484903.0
Spain,2004,2497513.0
Spain,2003,2488319.0
Spain,2002,2490744.0
Spain,2001,2505203.0
Spain,2000,2539995.0
Spain,1999,2579908.0
Sri Lanka,2014,1777822.0
Sri Lanka,2013,1767322.0
Sri Lanka,2012,1752137.0
Sri Lanka,2011,1735475.0
Sri Lanka,2010,1720806.0
Sri Lanka,2009,1619244.0
Sri Lanka,2008,1631430.0
Sri Lanka,2007,1621617.0
Sri Lanka,2006,1611763.0
Sri Lanka,2005,1610778.0
Sri Lanka,2004,1580072.0
Sri Lanka,2003,1667994.0
Sri Lanka,2002,1729014.0
Sri Lanka,2001,1767650.0
Sudan,2013,4291916.0
Sudan,2012,4142967.0
Sudan,2011,3981129.0
Sudan,2010,4024296.0
Sudan,2009,3970740.0
Sudan,2008,3906743.0
Sudan,2007,3527613.0
Sudan,2006,3472215.0
Sudan,2005,3176816.0
Sudan,2004,3046699.0
Sudan,2003,2912529.0
Sudan,2002,2771373.0
Sudan,2001,2687746.0
Suriname,2014,70494.0
Suriname,2013,69410.0
Suriname,2011,71606.0
Suriname,2009,71074.0
Suriname,2008,69604.0
Suriname,2007,65020.0
Suriname,2006,66121.0
Suriname,2005,65527.0
Suriname,2002,64023.0
Suriname,2001,64852.0
Swaziland,2013,239019.0
Swaziland,2012,239422.0
Swaziland,2011,239721.0
Swaziland,2010,241237.0
Swaziland,2009,231349.0
Swaziland,2007,232572.0
Swaziland,2006,229686.0
Swaziland,2005,221596.0
Swaziland,2004,218352.0
Swaziland,2003,208444.0
Swaziland,2002,209037.0
Swaziland,2001,212063.0
Swaziland,2000,213986.0
Swaziland,1999,213041.0
Sweden,2014,757166.0
Sweden,2013,733412.0
Sweden,2012,602295.0
Sweden,2011,578486.0
Sweden,2010,576110.0
Sweden,2009,573416.0
Sweden,2008,584726.0
Sweden,2007,601120.0
Sweden,2006,626847.0
Sweden,2005,658461.0
Sweden,2004,690758.0
Sweden,2003,774888.0
Sweden,2002,785774.0
Sweden,2001,786027.0
Sweden,2000,775706.0
Sweden,1999,763028.0
Switzerland,2014,483886.0
Switzerland,2013,483707.0
Switzerland,2012,483466.0
Switzerland,2011,487436.0
Switzerland,2010,492508.0
Switzerland,2009,499435.0
Switzerland,2008,505382.0
Switzerland,2007,510804.0
Switzerland,2006,517056.0
Switzerland,2005,524222.0
Switzerland,2004,532092.0
Switzerland,2003,535577.0
Switzerland,2002,536423.0
Switzerland,2001,537744.0
Switzerland,2000,538372.0
Switzerland,1999,529610.0
Syrian Arab Republic,2013,1547316.0
Syrian Arab Republic,2012,2552874.0
Syrian Arab Republic,2011,2507400.0
Syrian Arab Republic,2010,2429450.0
Syrian Arab Republic,2009,2383223.0
Syrian Arab Republic,2008,2356403.0
Syrian Arab Republic,2007,2310168.0
Syrian Arab Republic,2006,2279545.0
Syrian Arab Republic,2005,2252145.0
Syrian Arab Republic,2004,2192764.0
Syrian Arab Republic,2003,2149493.0
Syrian Arab Republic,2002,2904569.0
Syrian Arab Republic,2001,2835023.0
Syrian Arab Republic,2000,2774922.0
Syrian Arab Republic,1999,2738083.0
Tajikistan,2015,683162.0
Tajikistan,2014,662427.0
Tajikistan,2013,664930.0
Tajikistan,2012,662513.0
Tajikistan,2011,668678.0
Tajikistan,2010,682090.0
Tajikistan,2009,686290.0
Tajikistan,2008,692246.0
Tajikistan,2007,680308.0
Tajikistan,2006,687900.0
Tajikistan,2005,693078.0
Tajikistan,2004,690270.0
Tajikistan,2003,694930.0
Tajikistan,2002,684542.0
Tajikistan,2001,680100.0
Tajikistan,2000,691891.0
Tajikistan,1999,690306.0
Thailand,2014,5182351.0
Thailand,2013,4954620.0
Thailand,2012,5005432.0
Thailand,2011,5044242.0
Thailand,2010,5146535.0
Thailand,2009,5370546.0
Thailand,2008,5564624.0
Thailand,2007,5703757.0
Thailand,2006,5843512.0
Thailand,2005,5974615.0
Thailand,2004,6054517.0
Thailand,2002,6056420.0
Thailand,2001,6023714.0
Thailand,2000,6100647.0
Thailand,1999,6120400.0
The former Yugoslav Republic of Macedonia,2012,107278.0
The former Yugoslav Republic of Macedonia,2010,110759.0
The former Yugoslav Republic of Macedonia,2009,112477.0
The former Yugoslav Republic of Macedonia,2008,115082.0
The former Yugoslav Republic of Macedonia,2007,100911.0
The former Yugoslav Republic of Macedonia,2006,105045.0
The former Yugoslav Republic of Macedonia,2005,110149.0
The former Yugoslav Republic of Macedonia,2004,113362.0
The former Yugoslav Republic of Macedonia,2003,116635.0
The former Yugoslav Republic of Macedonia,2002,121109.0
The former Yugoslav Republic of Macedonia,2001,123661.0
The former Yugoslav Republic of Macedonia,2000,126606.0
The former Yugoslav Republic of Macedonia,1999,129633.0
Timor-Leste,2014,245847.0
Timor-Leste,2013,246531.0
Timor-Leste,2012,245038.0
Timor-Leste,2011,241871.0
Timor-Leste,2010,230175.0
Timor-Leste,2009,218294.0
Timor-Leste,2008,206576.0
Timor-Leste,2005,177970.0
Timor-Leste,2004,183483.0
Timor-Leste,2003,183800.0
Timor-Leste,2002,184047.0
Timor-Leste,2001,185180.0
Togo,2013,1412356.0
Togo,2012,1368074.0
Togo,2011,1299802.0
Togo,2010,1286653.0
Togo,2009,1224916.0
Togo,2008,1055372.0
Togo,2007,1021617.0
Togo,2006,1051872.0
Togo,2005,996707.0
Togo,2004,984846.0
Togo,2003,975063.0
Togo,2002,977534.0
Togo,2001,945103.0
Togo,2000,914919.0
Togo,1999,953886.0
Tokelau,2003,227.0
Tokelau,2002,266.0
Tokelau,2001,266.0
Tokelau,2000,247.0
Tonga,2014,17093.0
Tonga,2013,17251.0
Tonga,2012,17222.0
Tonga,2007,16892.0
Tonga,2006,16941.0
Tonga,2005,17032.0
Tonga,2004,17113.0
Tonga,2003,17891.0
Tonga,2002,17105.0
Tonga,2001,17033.0
Tonga,2000,16697.0
Tonga,1999,16783.0
Trinidad and Tobago,2010,131350.0
Trinidad and Tobago,2009,130914.0
Trinidad and Tobago,2008,130880.0
Trinidad and Tobago,2007,130242.0
Trinidad and Tobago,2005,129703.0
Trinidad and Tobago,2004,137313.0
Trinidad and Tobago,2003,141036.0
Trinidad and Tobago,2002,141427.0
Trinidad and Tobago,2001,155366.0
Trinidad and Tobago,2000,168532.0
Trinidad and Tobago,1999,172204.0
Tunisia,2014,1089220.0
Tunisia,2013,1063291.0
Tunisia,2012,1046671.0
Tunisia,2011,1027970.0
Tunisia,2010,1030109.0
Tunisia,2009,1025044.0
Tunisia,2008,1036445.0
Tunisia,2007,1068822.0
Tunisia,2006,1134414.0
Tunisia,2005,1184301.0
Tunisia,2004,1228347.0
Tunisia,2003,1277124.0
Tunisia,2002,1325707.0
Tunisia,2001,1373904.0
Tunisia,2000,1413795.0
Tunisia,1999,1442904.0
Turkey,2013,5593910.000005
Turkey,2012,6429549.0
Turkey,2011,6580999.0
Turkey,2010,6635156.0
Turkey,2009,6591608.0
Turkey,2008,6760145.0
Turkey,2007,6769452.0
Turkey,2006,6705994.0
Turkey,2005,6678265.0
Turkey,2004,6617912.0
Turkey,2003,6575666.0
Turkey,2002,6755124.0
Turkey,2001,6694754.0
Turkey,2000,6562090.0
Turkey,1999,6583231.0
Turkmenistan,2014,359064.0
Turks and Caicos Islands,2015,2577.0
Turks and Caicos Islands,2014,2647.0
Turks and Caicos Islands,2009,2891.0
Turks and Caicos Islands,2005,2220.0
Turks and Caicos Islands,2004,2117.0
Turks and Caicos Islands,2003,1810.0
Turks and Caicos Islands,2002,2137.0
Turks and Caicos Islands,2001,2176.0
Turks and Caicos Islands,2000,2018.0
Turks and Caicos Islands,1999,1822.0
Tuvalu,2014,1421.0
Tuvalu,2006,1460.0
Tuvalu,2005,1450.0
Tuvalu,2004,1404.0
Tuvalu,2003,1344.0
Tuvalu,2002,1283.0
Tuvalu,2001,1427.0
Tuvalu,2000,1517.0
Tuvalu,1999,1360.0
Uganda,2013,8459336.0
Uganda,2011,8098177.0
Uganda,2010,8374648.0
Uganda,2009,8297780.0
Uganda,2008,7963979.0
Uganda,2007,7537971.0
Uganda,2006,7363721.0
Uganda,2005,7223879.0
Uganda,2004,7377292.0
Uganda,2003,7633314.0
Uganda,2002,7354153.0
Uganda,2001,6900916.0
Uganda,2000,6559013.0
Uganda,1999,6288239.0
Ukraine,2014,1685030.0
Ukraine,2013,1638497.0
Ukraine,2012,1584382.0
Ukraine,2011,1563396.0
Ukraine,2010,1540282.0
Ukraine,2009,1531943.0
Ukraine,2008,1573458.0
Ukraine,2007,1647847.0
Ukraine,2006,1753689.0
Ukraine,2005,1945715.0
Ukraine,2004,1850734.0
Ukraine,2003,1960512.0
Ukraine,2002,2047085.0
Ukraine,2001,2065348.0
Ukraine,2000,2078699.0
Ukraine,1999,2200098.0
United Arab Emirates,2014,409776.0
United Arab Emirates,2013,376649.0
United Arab Emirates,2012,364017.0
United Arab Emirates,2011,334956.0
United Arab Emirates,2010,326588.0
United Arab Emirates,2009,304250.0
United Arab Emirates,2007,284034.0
United Arab Emirates,2006,272331.0
United Arab Emirates,2005,262807.0
United Arab Emirates,2004,254602.0
United Arab Emirates,2003,248370.0
United Arab Emirates,2002,285744.0
United Arab Emirates,2001,280248.0
United Arab Emirates,2000,273144.0
United Arab Emirates,1999,270486.0
United Kingdom of Great Britain and Northern Ireland,2014,4737068.0
United Kingdom of Great Britain and Northern Ireland,2013,4622158.0
United Kingdom of Great Britain and Northern Ireland,2012,4523583.0
United Kingdom of Great Britain and Northern Ireland,2011,4419840.0
United Kingdom of Great Britain and Northern Ireland,2010,4421903.0
United Kingdom of Great Britain and Northern Ireland,2009,4416474.0
United Kingdom of Great Britain and Northern Ireland,2008,4465021.0
United Kingdom of Great Britain and Northern Ireland,2007,4409184.0
United Kingdom of Great Britain and Northern Ireland,2006,4517618.0
United Kingdom of Great Britain and Northern Ireland,2005,4634991.0
United Kingdom of Great Britain and Northern Ireland,2004,4685733.0
United Kingdom of Great Britain and Northern Ireland,2003,4488162.0
United Kingdom of Great Britain and Northern Ireland,2002,4536143.0
United Kingdom of Great Britain and Northern Ireland,2001,4596110.0
United Kingdom of Great Britain and Northern Ireland,2000,4631623.0
United Kingdom of Great Britain and Northern Ireland,1999,4661234.0
United Republic of Tanzania,2013,8231913.0
United Republic of Tanzania,2012,8247172.0
United Republic of Tanzania,2010,8419305.0
United Republic of Tanzania,2009,8441553.0
United Republic of Tanzania,2008,8626825.0
United Republic of Tanzania,2007,8316925.0
United Republic of Tanzania,2006,7959884.0
United Republic of Tanzania,2005,7541208.0
United Republic of Tanzania,2004,7083063.0
United Republic of Tanzania,2003,6562773.0
United Republic of Tanzania,2002,5981338.0
United Republic of Tanzania,2001,4881588.0
United Republic of Tanzania,2000,4382410.0
United Republic of Tanzania,1999,4189816.0
United States of America,2014,24538371.0
United States of America,2013,24417652.72675
United States of America,2012,24381923.0
United States of America,2011,24431662.0
United States of America,2010,24393002.0
United States of America,2009,24586434.0
United States of America,2008,24676574.0
United States of America,2007,24492041.0
United States of America,2006,24319033.0
United States of America,2005,24454602.0
United States of America,2004,24559494.0
United States of America,2003,24848518.0
United States of America,2002,24855480.0
United States of America,2001,25297600.0
United States of America,2000,24973176.0
United States of America,1999,24937931.0
Uruguay,2013,327137.0
Uruguay,2010,341885.0
Uruguay,2009,348691.0
Uruguay,2008,353560.0
Uruguay,2007,359439.0
Uruguay,2006,365388.0
Uruguay,2005,365536.0
Uruguay,2004,366205.0
Uruguay,2003,365423.0
Uruguay,2002,364858.0
Uruguay,2001,359557.0
Uruguay,2000,360834.0
Uruguay,1999,366461.0
Uzbekistan,2011,1948128.0
Uzbekistan,2010,1970922.0
Uzbekistan,2009,1995747.0
Uzbekistan,2008,2071317.0
Uzbekistan,2007,2164897.0
Uzbekistan,2006,2277191.0
Uzbekistan,2005,2383326.0
Uzbekistan,2004,2451125.0
Uzbekistan,2003,2513342.0
Uzbekistan,2002,2567685.0
Uzbekistan,2001,2597886.0
Uzbekistan,2000,2601953.0
Uzbekistan,1999,2569852.0
Vanuatu,2013,44181.0
Vanuatu,2010,41834.0
Vanuatu,2009,38762.0
Vanuatu,2008,38658.0
Vanuatu,2007,37817.0
Vanuatu,2006,37060.0
Vanuatu,2005,38530.0
Vanuatu,2004,38960.0
Vanuatu,2003,39388.0
Vanuatu,2002,37470.0
Vanuatu,2001,36482.0
Vanuatu,2000,35674.0
Vanuatu,1999,34333.0
Venezuela (Bolivarian Republic of),2014,3493044.0
Venezuela (Bolivarian Republic of),2013,3519519.0
Venezuela (Bolivarian Republic of),2012,3486365.0
Venezuela (Bolivarian Republic of),2011,3466230.0
Venezuela (Bolivarian Republic of),2010,3457754.0
Venezuela (Bolivarian Republic of),2009,3461820.0
Venezuela (Bolivarian Republic of),2008,3439199.0
Venezuela (Bolivarian Republic of),2007,3521139.0
Venezuela (Bolivarian Republic of),2006,3452062.0
Venezuela (Bolivarian Republic of),2005,3449290.0
Venezuela (Bolivarian Republic of),2004,3453379.0
Venezuela (Bolivarian Republic of),2003,3449984.0
Venezuela (Bolivarian Republic of),2002,3506780.0
Venezuela (Bolivarian Republic of),2001,3423480.0
Venezuela (Bolivarian Republic of),2000,3327797.0
Venezuela (Bolivarian Republic of),1999,3261343.0
Viet Nam,2014,7434848.0
Viet Nam,2013,7202767.0
Viet Nam,2012,7100950.0
Viet Nam,2011,7048493.0
Viet Nam,2010,6922624.0
Viet Nam,2009,6745016.0
Viet Nam,2008,6871795.0
Viet Nam,2007,7041312.0
Viet Nam,2006,7317813.0
Viet Nam,2005,7773484.0
Viet Nam,2004,8350191.0
Viet Nam,2003,8841004.0
Viet Nam,2002,9336913.0
Viet Nam,2001,9751434.0
Viet Nam,2000,10063025.0
Viet Nam,1999,10250214.0
Yemen,2013,3874741.0
Yemen,2012,3684948.0
Yemen,2011,3640591.0
Yemen,2010,3426991.0
Yemen,2008,3282457.0
Yemen,2005,3219564.0
Yemen,2004,3107801.0
Yemen,2003,2950403.0
Yemen,2002,2783371.0
Yemen,2001,2643579.0
Yemen,1999,2302787.0
Zambia,2013,3075161.0
Zambia,2012,3135442.0
Zambia,2011,3030120.0
Zambia,2010,2899131.0
Zambia,2009,2840540.0
Zambia,2008,2909436.0
Zambia,2007,2790312.0
Zambia,2006,2678610.0
Zambia,2005,2572846.0
Zambia,2004,2251357.0
Zambia,2002,1731579.0
Zambia,2001,1625647.0
Zambia,2000,1589544.0
Zambia,1999,1555707.0
Zimbabwe,2013,2663187.0
Zimbabwe,2012,2666451.0
Zimbabwe,2003,2361588.0
Zimbabwe,2002,2399250.0
Zimbabwe,2001,2534796.0
Zimbabwe,2000,2460669.0
Zimbabwe,1999,2460323.0
